GEO_ID,NAME,Total_Pop_5yrsplus,Total_Pop_5yrsplus_ME,English_only,English_only_ME,Language_other_than_English,Language_other_than_English_ME,Spanish,Spanish_ME,Indo_European,Indo_European_ME,Asian_PI,Asian_PI_ME,Other,Other_ME
1400000US53033000100,"Census Tract 1, King County, Washington",7825,515,5013,507,2812,593,803,381,344,162,785,218,880,403
1400000US53033000200,"Census Tract 2, King County, Washington",8109,388,5686,471,2423,432,754,245,546,295,856,216,267,187
1400000US53033000300,"Census Tract 3, King County, Washington",2824,203,2302,212,522,175,39,36,80,60,350,168,53,62
1400000US53033000401,"Census Tract 4.01, King County, Washington",6809,538,5208,526,1601,602,241,143,77,79,611,369,672,488
1400000US53033000402,"Census Tract 4.02, King County, Washington",5124,361,4386,399,738,305,118,104,224,207,396,190,0,17
1400000US53033000500,"Census Tract 5, King County, Washington",2952,209,2645,226,307,121,50,52,107,54,142,86,8,14
1400000US53033000600,"Census Tract 6, King County, Washington",7623,481,5390,491,2233,449,649,267,482,241,802,342,300,176
1400000US53033000700,"Census Tract 7, King County, Washington",5109,465,3340,517,1769,394,541,340,112,79,754,186,362,229
1400000US53033000800,"Census Tract 8, King County, Washington",2725,154,2176,201,549,177,89,60,111,83,335,154,14,21
1400000US53033000900,"Census Tract 9, King County, Washington",2050,133,1604,139,446,138,54,33,159,73,172,78,61,91
1400000US53033001000,"Census Tract 10, King County, Washington",1940,154,1683,164,257,83,41,27,74,49,118,52,24,27
1400000US53033001100,"Census Tract 11, King County, Washington",2434,180,1855,170,579,166,95,83,34,30,368,129,82,74
1400000US53033001200,"Census Tract 12, King County, Washington",6663,418,5097,454,1566,332,121,90,516,232,661,214,268,198
1400000US53033001300,"Census Tract 13, King County, Washington",4369,325,3025,367,1344,286,485,224,132,106,593,161,134,117
1400000US53033001400,"Census Tract 14, King County, Washington",5353,511,4776,542,577,318,94,79,45,54,419,300,19,30
1400000US53033001500,"Census Tract 15, King County, Washington",2626,132,2359,171,267,107,10,16,82,50,134,83,41,54
1400000US53033001600,"Census Tract 16, King County, Washington",4421,230,3955,276,466,194,66,67,266,133,134,85,0,12
1400000US53033001701,"Census Tract 17.01, King County, Washington",3985,287,3351,264,634,293,265,259,236,134,85,79,48,74
1400000US53033001702,"Census Tract 17.02, King County, Washington",4749,346,3663,347,1086,335,392,203,88,84,414,182,192,185
1400000US53033001800,"Census Tract 18, King County, Washington",4586,465,3617,445,969,299,93,87,301,175,543,186,32,60
1400000US53033001900,"Census Tract 19, King County, Washington",4809,217,3734,262,1075,211,142,113,241,109,617,162,75,68
1400000US53033002000,"Census Tract 20, King County, Washington",3652,253,3115,282,537,188,7,12,185,146,311,122,34,49
1400000US53033002100,"Census Tract 21, King County, Washington",4121,220,3477,239,644,140,134,92,142,70,351,103,17,19
1400000US53033002200,"Census Tract 22, King County, Washington",5530,295,4650,371,880,281,123,101,196,153,561,210,0,17
1400000US53033002400,"Census Tract 24, King County, Washington",3221,258,2556,214,665,200,98,78,147,87,387,191,33,51
1400000US53033002500,"Census Tract 25, King County, Washington",3264,308,2796,362,468,174,36,34,237,130,195,117,0,12
1400000US53033002600,"Census Tract 26, King County, Washington",4979,341,4403,405,576,171,166,150,113,78,204,97,93,86
1400000US53033002700,"Census Tract 27, King County, Washington",5861,487,5061,457,800,300,179,173,259,172,362,231,0,17
1400000US53033002800,"Census Tract 28, King County, Washington",4849,345,4295,414,554,247,37,53,224,141,229,113,64,105
1400000US53033002900,"Census Tract 29, King County, Washington",4528,297,4218,325,310,113,51,39,113,76,124,72,22,35
1400000US53033003000,"Census Tract 30, King County, Washington",5911,339,5195,318,716,290,211,252,205,77,281,167,19,27
1400000US53033003100,"Census Tract 31, King County, Washington",6061,251,5640,272,421,176,123,86,124,92,165,113,9,18
1400000US53033003200,"Census Tract 32, King County, Washington",8677,596,7843,558,834,294,267,161,339,186,228,160,0,17
1400000US53033003300,"Census Tract 33, King County, Washington",7677,432,6443,421,1234,429,185,110,390,384,514,263,145,140
1400000US53033003400,"Census Tract 34, King County, Washington",3368,227,3095,229,273,102,79,45,93,59,101,75,0,12
1400000US53033003500,"Census Tract 35, King County, Washington",4115,191,3654,233,461,150,105,81,252,103,93,72,11,12
1400000US53033003600,"Census Tract 36, King County, Washington",7312,425,5781,514,1531,375,465,332,428,195,628,200,10,16
1400000US53033003800,"Census Tract 38, King County, Washington",2396,153,2034,150,362,128,64,58,103,69,179,87,16,17
1400000US53033003900,"Census Tract 39, King County, Washington",2977,179,2528,204,449,148,75,62,167,88,198,86,9,13
1400000US53033004000,"Census Tract 40, King County, Washington",3118,198,2595,198,523,177,41,46,139,68,261,92,82,104
1400000US53033004100,"Census Tract 41, King County, Washington",7675,491,6565,432,1110,306,43,36,328,173,739,253,0,17
1400000US53033004200,"Census Tract 42, King County, Washington",7513,438,6665,462,848,223,108,100,285,128,377,105,78,82
1400000US53033004301,"Census Tract 43.01, King County, Washington",3814,266,3003,253,811,243,132,104,208,97,411,224,60,53
1400000US53033004302,"Census Tract 43.02, King County, Washington",4044,419,2834,390,1210,279,116,72,380,182,682,242,32,30
1400000US53033004400,"Census Tract 44, King County, Washington",7560,836,5989,853,1571,319,400,161,472,216,584,213,115,115
1400000US53033004500,"Census Tract 45, King County, Washington",3154,399,2635,259,519,273,182,105,133,79,204,199,0,12
1400000US53033004600,"Census Tract 46, King County, Washington",3500,197,3113,197,387,115,92,55,154,60,94,56,47,46
1400000US53033004700,"Census Tract 47, King County, Washington",9809,579,8200,723,1609,492,414,307,267,182,763,374,165,233
1400000US53033004800,"Census Tract 48, King County, Washington",5196,330,4559,362,637,247,85,106,270,170,234,134,48,46
1400000US53033004900,"Census Tract 49, King County, Washington",7168,559,6274,559,894,230,231,164,305,125,358,152,0,17
1400000US53033005000,"Census Tract 50, King County, Washington",4296,543,3734,566,562,272,192,195,98,67,169,112,103,159
1400000US53033005100,"Census Tract 51, King County, Washington",3483,216,3033,234,450,161,60,46,208,98,71,35,111,112
1400000US53033005200,"Census Tract 52, King County, Washington",6761,673,4078,606,2683,512,232,139,471,214,1839,481,141,177
1400000US53033005301,"Census Tract 53.01, King County, Washington",8815,672,4956,640,3859,454,161,81,691,297,2729,451,278,154
1400000US53033005302,"Census Tract 53.02, King County, Washington",5926,582,3472,361,2454,318,240,82,266,100,1771,265,177,121
1400000US53033005400,"Census Tract 54, King County, Washington",6200,420,5378,427,822,248,181,112,293,185,312,144,36,40
1400000US53033005600,"Census Tract 56, King County, Washington",6683,359,5775,406,908,309,152,114,302,157,442,241,12,19
1400000US53033005700,"Census Tract 57, King County, Washington",6333,302,5483,385,850,264,166,122,262,153,343,191,79,81
1400000US53033005801,"Census Tract 58.01, King County, Washington",5566,392,4550,458,1016,309,202,109,452,266,362,165,0,17
1400000US53033005802,"Census Tract 58.02, King County, Washington",5835,433,4934,496,901,259,156,105,290,160,455,226,0,17
1400000US53033005900,"Census Tract 59, King County, Washington",7703,509,6974,511,729,244,133,99,256,149,263,122,77,101
1400000US53033006000,"Census Tract 60, King County, Washington",5980,383,5240,458,740,240,84,62,456,167,106,79,94,146
1400000US53033006100,"Census Tract 61, King County, Washington",5213,446,4658,435,555,261,29,33,118,79,408,235,0,17
1400000US53033006200,"Census Tract 62, King County, Washington",4140,261,3666,264,474,141,160,98,178,97,71,54,65,48
1400000US53033006300,"Census Tract 63, King County, Washington",5596,471,5187,499,409,175,57,73,218,136,134,104,0,17
1400000US53033006400,"Census Tract 64, King County, Washington",3495,184,3146,221,349,124,80,52,148,87,100,58,21,23
1400000US53033006500,"Census Tract 65, King County, Washington",4770,473,4252,450,518,140,123,78,167,97,228,87,0,12
1400000US53033006600,"Census Tract 66, King County, Washington",4187,404,3501,421,686,251,100,90,270,164,255,135,61,66
1400000US53033006700,"Census Tract 67, King County, Washington",8984,799,6423,825,2561,914,258,177,901,376,1351,808,51,56
1400000US53033006800,"Census Tract 68, King County, Washington",3370,231,2885,252,485,159,126,55,154,79,152,86,53,80
1400000US53033006900,"Census Tract 69, King County, Washington",4987,388,4523,431,464,147,75,66,190,113,199,109,0,17
1400000US53033007000,"Census Tract 70, King County, Washington",7304,560,6207,444,1097,321,260,198,276,188,535,216,26,42
1400000US53033007100,"Census Tract 71, King County, Washington",5088,413,3895,486,1193,358,387,284,516,229,287,131,3,8
1400000US53033007200,"Census Tract 72, King County, Washington",11037,958,7369,745,3668,893,212,145,1387,422,1541,523,528,622
1400000US53033007300,"Census Tract 73, King County, Washington",8324,516,5749,549,2575,469,421,202,948,315,1095,310,111,89
1400000US53033007401,"Census Tract 74.01, King County, Washington",5621,326,4625,317,996,288,189,127,271,149,523,229,13,22
1400000US53033007402,"Census Tract 74.02, King County, Washington",5512,381,4527,421,985,296,147,98,573,237,173,123,92,90
1400000US53033007500,"Census Tract 75, King County, Washington",8986,699,7804,758,1182,363,356,263,181,150,537,158,108,124
1400000US53033007600,"Census Tract 76, King County, Washington",4467,317,3681,389,786,354,295,247,180,123,299,213,12,21
1400000US53033007700,"Census Tract 77, King County, Washington",5246,396,4641,480,605,237,241,166,159,123,124,83,81,75
1400000US53033007800,"Census Tract 78, King County, Washington",5703,360,5253,381,450,155,45,41,265,145,125,83,15,23
1400000US53033007900,"Census Tract 79, King County, Washington",6271,328,5530,343,741,252,192,121,226,131,125,107,198,162
1400000US53033008001,"Census Tract 80.01, King County, Washington",7088,539,5607,703,1481,427,159,103,678,279,619,347,25,58
1400000US53033008002,"Census Tract 80.02, King County, Washington",3722,336,2998,383,724,232,94,77,151,89,403,175,76,66
1400000US53033008100,"Census Tract 81, King County, Washington",4843,482,3975,428,868,288,296,169,234,128,235,174,103,110
1400000US53033008200,"Census Tract 82, King County, Washington",4203,385,3259,372,944,307,112,99,186,115,646,293,0,12
1400000US53033008300,"Census Tract 83, King County, Washington",3178,279,2264,264,914,203,110,60,386,156,398,161,20,30
1400000US53033008400,"Census Tract 84, King County, Washington",5071,391,4167,363,904,264,258,148,269,133,268,117,109,120
1400000US53033008500,"Census Tract 85, King County, Washington",4258,363,3413,326,845,134,174,65,159,88,467,97,45,32
1400000US53033008600,"Census Tract 86, King County, Washington",6430,748,4989,577,1441,481,540,414,84,55,684,186,133,124
1400000US53033008700,"Census Tract 87, King County, Washington",4349,372,3590,392,759,248,257,189,165,95,160,87,177,120
1400000US53033008800,"Census Tract 88, King County, Washington",4328,347,3685,402,643,276,203,243,239,112,68,62,133,141
1400000US53033008900,"Census Tract 89, King County, Washington",5782,388,4376,426,1406,350,304,203,298,237,344,143,460,250
1400000US53033009000,"Census Tract 90, King County, Washington",3262,244,2214,260,1048,253,76,52,43,42,651,191,278,167
1400000US53033009100,"Census Tract 91, King County, Washington",2621,311,1214,251,1407,274,85,113,0,12,1305,235,17,26
1400000US53033009200,"Census Tract 92, King County, Washington",2548,280,1814,246,734,177,74,49,82,53,564,167,14,18
1400000US53033009300,"Census Tract 93, King County, Washington",3111,352,2520,256,591,223,107,97,107,63,221,101,156,166
1400000US53033009400,"Census Tract 94, King County, Washington",6776,626,3813,489,2963,639,1239,544,128,117,1361,313,235,251
1400000US53033009500,"Census Tract 95, King County, Washington",6378,397,5054,528,1324,348,145,111,169,105,676,158,334,288
1400000US53033009600,"Census Tract 96, King County, Washington",5552,333,4920,415,632,235,114,69,131,163,324,250,63,62
1400000US53033009701,"Census Tract 97.01, King County, Washington",5660,385,5110,386,550,184,139,104,185,116,226,114,0,17
1400000US53033009702,"Census Tract 97.02, King County, Washington",5344,391,4951,344,393,165,109,74,136,73,86,84,62,101
1400000US53033009800,"Census Tract 98, King County, Washington",7026,373,6576,402,450,148,119,71,173,117,126,71,32,36
1400000US53033009900,"Census Tract 99, King County, Washington",5490,412,4740,362,750,272,294,172,61,46,128,80,267,255
1400000US53033010001,"Census Tract 100.01, King County, Washington",4400,390,2240,389,2160,463,208,145,71,63,762,230,1119,447
1400000US53033010002,"Census Tract 100.02, King County, Washington",4514,367,2865,282,1649,364,504,276,41,40,1089,214,15,24
1400000US53033010100,"Census Tract 101, King County, Washington",7903,601,5600,593,2303,489,460,358,282,140,1109,310,452,243
1400000US53033010200,"Census Tract 102, King County, Washington",4618,258,3687,275,931,201,184,96,97,57,551,157,99,63
1400000US53033010300,"Census Tract 103, King County, Washington",6879,743,4863,731,2016,514,131,92,217,181,856,247,812,369
1400000US53033010401,"Census Tract 104.01, King County, Washington",4123,427,1648,275,2475,400,228,147,49,41,1736,329,462,341
1400000US53033010402,"Census Tract 104.02, King County, Washington",4720,380,2471,350,2249,360,304,237,69,52,1796,272,80,76
1400000US53033010500,"Census Tract 105, King County, Washington",8870,605,7743,696,1127,436,244,146,341,301,415,245,127,115
1400000US53033010600,"Census Tract 106, King County, Washington",8027,439,7105,443,922,294,350,267,175,98,367,147,30,34
1400000US53033010701,"Census Tract 107.01, King County, Washington",3566,319,2539,356,1027,299,152,87,13,17,410,133,452,267
1400000US53033010702,"Census Tract 107.02, King County, Washington",4388,289,2353,390,2035,426,176,211,35,33,474,190,1350,403
1400000US53033010800,"Census Tract 108, King County, Washington",4613,372,3501,396,1112,323,256,141,211,149,586,198,59,93
1400000US53033010900,"Census Tract 109, King County, Washington",1045,132,940,124,105,49,61,37,37,33,7,11,0,12
1400000US53033011001,"Census Tract 110.01, King County, Washington",4689,343,1732,400,2957,383,184,136,61,59,1600,279,1112,374
1400000US53033011002,"Census Tract 110.02, King County, Washington",4635,424,1885,380,2750,364,94,122,18,21,2040,284,598,203
1400000US53033011101,"Census Tract 111.01, King County, Washington",5376,440,2343,336,3033,450,142,125,184,156,2008,357,699,383
1400000US53033011102,"Census Tract 111.02, King County, Washington",4852,470,3428,450,1424,445,324,250,26,28,854,353,220,140
1400000US53033011200,"Census Tract 112, King County, Washington",3421,311,2273,450,1148,378,436,239,200,176,481,187,31,42
1400000US53033011300,"Census Tract 113, King County, Washington",6298,419,4781,525,1517,469,596,327,114,64,785,369,22,36
1400000US53033011401,"Census Tract 114.01, King County, Washington",4406,263,3607,279,799,345,383,321,90,63,273,115,53,62
1400000US53033011402,"Census Tract 114.02, King County, Washington",3951,285,2351,325,1600,352,984,329,43,32,459,177,114,78
1400000US53033011500,"Census Tract 115, King County, Washington",4219,275,3813,283,406,171,130,90,131,96,145,100,0,12
1400000US53033011600,"Census Tract 116, King County, Washington",6637,399,6173,418,464,198,246,155,144,113,62,60,12,20
1400000US53033011700,"Census Tract 117, King County, Washington",5238,503,2761,493,2477,305,143,95,47,36,2105,280,182,107
1400000US53033011800,"Census Tract 118, King County, Washington",8096,735,4876,659,3220,734,758,426,47,46,1622,458,793,421
1400000US53033011900,"Census Tract 119, King County, Washington",7253,733,5252,897,2001,697,231,172,54,62,1245,454,471,490
1400000US53033012000,"Census Tract 120, King County, Washington",3405,258,3220,261,185,77,70,53,61,43,54,55,0,12
1400000US53033012100,"Census Tract 121, King County, Washington",2601,198,2311,223,290,118,148,105,45,36,88,73,9,14
1400000US53033020100,"Census Tract 201, King County, Washington",3253,191,2882,208,371,116,81,70,110,65,180,88,0,12
1400000US53033020200,"Census Tract 202, King County, Washington",4985,399,4255,454,730,238,76,63,350,194,236,113,68,77
1400000US53033020300,"Census Tract 203, King County, Washington",6750,454,4175,478,2575,623,461,296,609,366,1113,408,392,324
1400000US53033020401,"Census Tract 204.01, King County, Washington",3465,235,2478,200,987,294,79,76,207,121,357,171,344,250
1400000US53033020402,"Census Tract 204.02, King County, Washington",5277,342,4056,382,1221,435,438,372,235,168,426,147,122,114
1400000US53033020500,"Census Tract 205, King County, Washington",6456,424,4339,418,2117,447,701,392,287,251,1040,282,89,141
1400000US53033020600,"Census Tract 206, King County, Washington",3403,268,2545,272,858,178,117,102,74,71,525,125,142,93
1400000US53033020700,"Census Tract 207, King County, Washington",3920,275,2519,319,1401,372,465,288,186,103,484,230,266,149
1400000US53033020800,"Census Tract 208, King County, Washington",4041,184,3422,175,619,149,88,67,183,101,324,80,24,22
1400000US53033020900,"Census Tract 209, King County, Washington",3292,282,2549,268,743,244,69,110,211,125,274,82,189,144
1400000US53033021000,"Census Tract 210, King County, Washington",5594,403,4236,354,1358,371,205,135,400,274,662,201,91,135
1400000US53033021100,"Census Tract 211, King County, Washington",4048,374,2915,331,1133,246,108,76,59,54,598,160,368,154
1400000US53033021300,"Census Tract 213, King County, Washington",3934,289,2810,254,1124,363,234,178,432,244,371,99,87,102
1400000US53033021400,"Census Tract 214, King County, Washington",3781,193,3336,223,445,144,68,44,155,68,222,128,0,12
1400000US53033021500,"Census Tract 215, King County, Washington",4527,284,4045,305,482,140,154,92,81,66,211,89,36,40
1400000US53033021600,"Census Tract 216, King County, Washington",4595,286,3657,285,938,215,145,96,244,133,454,148,95,117
1400000US53033021700,"Census Tract 217, King County, Washington",8344,460,5925,487,2419,437,835,393,520,218,997,251,67,73
1400000US53033021802,"Census Tract 218.02, King County, Washington",5482,412,3615,338,1867,344,490,228,555,224,748,323,74,86
1400000US53033021803,"Census Tract 218.03, King County, Washington",4703,375,3551,341,1152,320,202,135,363,144,493,267,94,113
1400000US53033021804,"Census Tract 218.04, King County, Washington",4953,480,3676,510,1277,397,585,377,266,145,359,187,67,77
1400000US53033021903,"Census Tract 219.03, King County, Washington",5774,361,4695,457,1079,511,214,125,419,262,218,152,228,359
1400000US53033021904,"Census Tract 219.04, King County, Washington",4872,254,3111,275,1761,241,330,208,468,156,890,179,73,73
1400000US53033021905,"Census Tract 219.05, King County, Washington",5292,318,3775,406,1517,420,617,334,411,242,449,247,40,36
1400000US53033021906,"Census Tract 219.06, King County, Washington",4312,327,2550,370,1762,423,421,268,688,368,595,199,58,57
1400000US53033022001,"Census Tract 220.01, King County, Washington",5516,478,4304,352,1212,446,592,465,311,165,309,143,0,17
1400000US53033022003,"Census Tract 220.03, King County, Washington",4980,345,3764,339,1216,346,443,269,428,302,319,113,26,39
1400000US53033022005,"Census Tract 220.05, King County, Washington",4591,269,2918,301,1673,362,285,212,643,303,669,223,76,82
1400000US53033022006,"Census Tract 220.06, King County, Washington",3622,355,2830,347,792,235,190,141,350,140,185,91,67,105
1400000US53033022101,"Census Tract 221.01, King County, Washington",4585,285,3619,300,966,241,56,67,264,123,557,179,89,97
1400000US53033022102,"Census Tract 221.02, King County, Washington",5887,380,4518,414,1369,348,172,111,752,283,445,199,0,17
1400000US53033022201,"Census Tract 222.01, King County, Washington",4327,279,3538,315,789,166,178,96,212,91,399,136,0,12
1400000US53033022202,"Census Tract 222.02, King County, Washington",6856,445,5216,531,1640,484,134,98,856,329,543,237,107,125
1400000US53033022203,"Census Tract 222.03, King County, Washington",4738,287,3818,354,920,193,52,41,331,124,461,135,76,58
1400000US53033022300,"Census Tract 223, King County, Washington",2536,200,2051,218,485,132,93,51,313,121,61,39,18,34
1400000US53033022400,"Census Tract 224, King County, Washington",8423,444,6890,493,1533,358,286,148,795,279,416,171,36,40
1400000US53033022500,"Census Tract 225, King County, Washington",7881,451,5713,528,2168,404,433,260,699,277,896,260,140,137
1400000US53033022603,"Census Tract 226.03, King County, Washington",5876,351,4060,447,1816,486,314,254,651,322,836,360,15,24
1400000US53033022604,"Census Tract 226.04, King County, Washington",4764,289,3393,299,1371,250,226,135,353,131,671,194,121,78
1400000US53033022605,"Census Tract 226.05, King County, Washington",6268,428,3541,480,2727,531,758,402,1156,401,699,303,114,157
1400000US53033022606,"Census Tract 226.06, King County, Washington",5860,381,4029,477,1831,369,165,138,484,325,1106,233,76,89
1400000US53033022701,"Census Tract 227.01, King County, Washington",3101,254,2447,268,654,165,68,47,307,118,257,125,22,36
1400000US53033022702,"Census Tract 227.02, King County, Washington",3933,309,3288,278,645,154,28,20,201,87,366,128,50,51
1400000US53033022703,"Census Tract 227.03, King County, Washington",2263,165,1621,173,642,159,102,80,226,94,305,128,9,12
1400000US53033022801,"Census Tract 228.01, King County, Washington",8455,468,3494,462,4961,484,424,198,2152,429,2188,436,197,149
1400000US53033022802,"Census Tract 228.02, King County, Washington",4945,270,2735,305,2210,340,133,66,941,275,859,167,277,186
1400000US53033022803,"Census Tract 228.03, King County, Washington",5709,405,2181,366,3528,458,541,370,1545,394,1368,297,74,87
1400000US53033022901,"Census Tract 229.01, King County, Washington",2677,214,1945,234,732,189,18,19,190,91,444,157,80,79
1400000US53033022902,"Census Tract 229.02, King County, Washington",6317,446,3899,482,2418,399,54,70,927,308,919,324,518,214
1400000US53033023000,"Census Tract 230, King County, Washington",5937,353,3898,363,2039,276,337,155,782,224,825,194,95,76
1400000US53033023100,"Census Tract 231, King County, Washington",3948,253,2377,263,1571,351,335,225,388,210,790,174,58,79
1400000US53033023201,"Census Tract 232.01, King County, Washington",6140,375,2320,376,3820,395,167,166,1445,344,2114,419,94,120
1400000US53033023202,"Census Tract 232.02, King County, Washington",4295,287,2054,244,2241,322,783,255,523,168,801,137,134,108
1400000US53033023300,"Census Tract 233, King County, Washington",6726,563,4677,577,2049,446,713,335,652,268,657,303,27,42
1400000US53033023401,"Census Tract 234.01, King County, Washington",3625,258,2156,262,1469,266,218,178,328,144,762,155,161,167
1400000US53033023403,"Census Tract 234.03, King County, Washington",4085,277,2791,324,1294,308,135,182,594,224,555,182,10,15
1400000US53033023404,"Census Tract 234.04, King County, Washington",3294,202,2843,256,451,183,165,132,93,68,193,100,0,12
1400000US53033023500,"Census Tract 235, King County, Washington",3798,211,2431,255,1367,273,201,138,354,143,812,218,0,12
1400000US53033023601,"Census Tract 236.01, King County, Washington",4116,275,2015,263,2101,368,218,122,500,129,1204,329,179,110
1400000US53033023603,"Census Tract 236.03, King County, Washington",5942,455,2210,306,3732,522,542,476,1373,391,1791,484,26,41
1400000US53033023604,"Census Tract 236.04, King County, Washington",5927,422,2782,448,3145,503,789,490,1257,368,714,285,385,249
1400000US53033023700,"Census Tract 237, King County, Washington",4385,236,2936,272,1449,288,180,111,354,184,795,230,120,108
1400000US53033023801,"Census Tract 238.01, King County, Washington",3217,370,1682,223,1535,449,388,417,208,97,920,195,19,20
1400000US53033023803,"Census Tract 238.03, King County, Washington",5358,472,2799,466,2559,400,198,105,780,251,1566,340,15,24
1400000US53033023804,"Census Tract 238.04, King County, Washington",7716,432,4686,505,3030,498,85,73,1300,405,1554,295,91,66
1400000US53033023900,"Census Tract 239, King County, Washington",6627,375,5054,366,1573,320,266,174,387,184,870,190,50,59
1400000US53033024000,"Census Tract 240, King County, Washington",7308,438,4151,492,3157,420,118,100,1006,335,1987,375,46,49
1400000US53033024100,"Census Tract 241, King County, Washington",4754,124,3656,127,1098,131,58,32,371,94,624,94,45,33
1400000US53033024200,"Census Tract 242, King County, Washington",3157,45,2346,179,811,172,86,70,195,91,509,150,21,22
1400000US53033024300,"Census Tract 243, King County, Washington",8732,437,7171,554,1561,435,96,67,429,309,1017,306,19,31
1400000US53033024400,"Census Tract 244, King County, Washington",2928,231,1881,261,1047,265,264,159,199,139,557,202,27,26
1400000US53033024500,"Census Tract 245, King County, Washington",4966,280,3580,353,1386,280,264,164,556,208,526,177,40,50
1400000US53033024601,"Census Tract 246.01, King County, Washington",4330,189,3972,220,358,121,41,31,91,57,226,101,0,12
1400000US53033024602,"Census Tract 246.02, King County, Washington",3739,179,2951,234,788,183,81,58,100,60,573,169,34,43
1400000US53033024701,"Census Tract 247.01, King County, Washington",3794,362,2447,335,1347,308,70,68,274,170,928,272,75,71
1400000US53033024702,"Census Tract 247.02, King County, Washington",7178,346,4592,377,2586,410,174,141,749,348,1579,292,84,95
1400000US53033024800,"Census Tract 248, King County, Washington",5411,394,2906,469,2505,461,472,239,329,293,1666,424,38,64
1400000US53033024901,"Census Tract 249.01, King County, Washington",5032,249,2735,283,2297,250,51,51,224,100,1964,253,58,54
1400000US53033024902,"Census Tract 249.02, King County, Washington",3977,223,2607,297,1370,258,133,100,304,139,933,222,0,12
1400000US53033024903,"Census Tract 249.03, King County, Washington",6505,511,3431,524,3074,418,48,52,662,303,2249,384,115,114
1400000US53033025001,"Census Tract 250.01, King County, Washington",5097,261,3423,361,1674,292,290,175,202,117,1160,234,22,35
1400000US53033025003,"Census Tract 250.03, King County, Washington",6667,475,4826,573,1841,448,22,36,559,293,1260,329,0,17
1400000US53033025005,"Census Tract 250.05, King County, Washington",4834,307,3282,318,1552,288,80,55,511,211,952,201,9,14
1400000US53033025006,"Census Tract 250.06, King County, Washington",5940,403,3885,391,2055,410,48,69,777,282,1230,364,0,17
1400000US53033025101,"Census Tract 251.01, King County, Washington",6063,572,3823,508,2240,741,478,297,349,198,1318,704,95,110
1400000US53033025102,"Census Tract 251.02, King County, Washington",7574,493,4403,457,3171,476,401,175,694,334,1907,382,169,108
1400000US53033025200,"Census Tract 252, King County, Washington",8296,423,5398,509,2898,512,1090,396,484,238,1147,243,177,167
1400000US53033025301,"Census Tract 253.01, King County, Washington",6456,400,4489,477,1967,512,675,384,291,162,978,270,23,37
1400000US53033025302,"Census Tract 253.02, King County, Washington",4934,478,3687,440,1247,353,320,213,133,81,565,209,229,170
1400000US53033025400,"Census Tract 254, King County, Washington",6799,481,4014,421,2785,535,1751,478,284,181,686,179,64,48
1400000US53033025500,"Census Tract 255, King County, Washington",4813,300,2569,348,2244,359,1268,256,295,230,671,153,10,15
1400000US53033025601,"Census Tract 256.01, King County, Washington",5070,396,2610,322,2460,485,845,312,212,145,1398,445,5,13
1400000US53033025602,"Census Tract 256.02, King County, Washington",5945,434,3451,543,2494,501,250,143,254,160,1926,402,64,168
1400000US53033025701,"Census Tract 257.01, King County, Washington",6081,346,4014,491,2067,494,425,342,906,410,481,220,255,163
1400000US53033025702,"Census Tract 257.02, King County, Washington",3374,221,2598,221,776,201,112,70,208,176,414,101,42,43
1400000US53033025803,"Census Tract 258.03, King County, Washington",4370,372,2616,337,1754,354,1166,334,218,150,230,89,140,121
1400000US53033025804,"Census Tract 258.04, King County, Washington",3353,293,2329,343,1024,343,376,190,304,190,254,126,90,128
1400000US53033025805,"Census Tract 258.05, King County, Washington",4777,389,2484,343,2293,471,709,292,563,405,941,341,80,83
1400000US53033025806,"Census Tract 258.06, King County, Washington",4965,305,3065,397,1900,395,46,39,334,171,1165,301,355,273
1400000US53033026001,"Census Tract 260.01, King County, Washington",5367,343,3605,315,1762,400,320,164,107,80,1140,344,195,160
1400000US53033026002,"Census Tract 260.02, King County, Washington",7824,715,4218,530,3606,742,173,148,299,156,1516,458,1618,590
1400000US53033026100,"Census Tract 261, King County, Washington",7649,687,3951,629,3698,703,730,538,67,51,2565,572,336,322
1400000US53033026200,"Census Tract 262, King County, Washington",5379,464,3754,482,1625,545,452,345,438,370,495,334,240,317
1400000US53033026300,"Census Tract 263, King County, Washington",1516,155,921,142,595,155,49,53,87,98,459,138,0,12
1400000US53033026400,"Census Tract 264, King County, Washington",5515,632,2754,415,2761,672,1593,607,10,16,856,182,302,306
1400000US53033026500,"Census Tract 265, King County, Washington",4103,404,2059,388,2044,461,785,340,92,100,776,292,391,190
1400000US53033026600,"Census Tract 266, King County, Washington",2182,181,1642,188,540,142,83,51,47,37,360,111,50,54
1400000US53033026700,"Census Tract 267, King County, Washington",5223,498,3260,411,1963,478,1079,332,80,87,421,156,383,524
1400000US53033026801,"Census Tract 268.01, King County, Washington",5667,628,3334,629,2333,622,1403,654,176,152,480,250,274,261
1400000US53033026802,"Census Tract 268.02, King County, Washington",5155,460,2281,285,2874,445,1060,368,43,45,1447,235,324,164
1400000US53033027000,"Census Tract 270, King County, Washington",3036,239,2107,266,929,262,364,122,42,58,494,261,29,45
1400000US53033027100,"Census Tract 271, King County, Washington",3448,392,1881,247,1567,392,882,247,24,42,407,152,254,177
1400000US53033027200,"Census Tract 272, King County, Washington",2405,232,1003,196,1402,215,339,152,208,124,487,94,368,133
1400000US53033027300,"Census Tract 273, King County, Washington",5210,349,1871,302,3339,353,969,183,569,325,1425,426,376,191
1400000US53033027400,"Census Tract 274, King County, Washington",5143,390,3217,354,1926,293,717,164,355,195,833,225,21,23
1400000US53033027500,"Census Tract 275, King County, Washington",4569,273,2985,314,1584,345,890,249,197,135,481,195,16,27
1400000US53033027600,"Census Tract 276, King County, Washington",4321,352,2757,308,1564,354,1051,276,76,90,241,199,196,148
1400000US53033027701,"Census Tract 277.01, King County, Washington",5130,406,4768,448,362,226,206,194,72,95,83,70,1,6
1400000US53033027702,"Census Tract 277.02, King County, Washington",4890,420,4707,435,183,89,68,54,67,44,29,44,19,31
1400000US53033027800,"Census Tract 278, King County, Washington",3193,206,3047,213,146,75,25,24,55,42,66,54,0,12
1400000US53033027900,"Census Tract 279, King County, Washington",7451,632,5791,706,1660,515,893,467,79,67,558,443,130,164
1400000US53033028000,"Census Tract 280, King County, Washington",4257,349,1813,262,2444,419,1078,362,174,143,660,200,532,319
1400000US53033028100,"Census Tract 281, King County, Washington",2623,209,1059,233,1564,291,133,71,189,105,345,175,897,275
1400000US53033028200,"Census Tract 282, King County, Washington",4562,401,2318,407,2244,440,750,374,74,44,645,208,775,286
1400000US53033028300,"Census Tract 283, King County, Washington",5106,378,2992,326,2114,307,230,138,894,391,721,246,269,167
1400000US53033028402,"Census Tract 284.02, King County, Washington",4832,371,2108,349,2724,409,536,162,494,307,660,180,1034,274
1400000US53033028403,"Census Tract 284.03, King County, Washington",4919,595,2355,412,2564,593,382,239,364,403,627,509,1191,638
1400000US53033028500,"Census Tract 285, King County, Washington",3978,318,2709,389,1269,444,696,388,96,115,348,171,129,165
1400000US53033028600,"Census Tract 286, King County, Washington",6107,321,5460,400,647,162,150,138,139,93,320,113,38,61
1400000US53033028700,"Census Tract 287, King County, Washington",5011,371,3876,397,1135,260,502,241,34,36,524,110,75,68
1400000US53033028801,"Census Tract 288.01, King County, Washington",3319,468,2214,338,1105,302,865,284,11,14,190,99,39,61
1400000US53033028802,"Census Tract 288.02, King County, Washington",6151,374,2828,474,3323,585,997,374,782,483,589,246,955,557
1400000US53033028901,"Census Tract 289.01, King County, Washington",3152,231,2632,235,520,213,218,152,82,68,125,74,95,100
1400000US53033028902,"Census Tract 289.02, King County, Washington",6791,676,3987,691,2804,891,2093,753,77,81,300,207,334,300
1400000US53033029001,"Census Tract 290.01, King County, Washington",4684,306,3971,332,713,259,266,214,108,83,323,140,16,21
1400000US53033029003,"Census Tract 290.03, King County, Washington",5412,473,2895,456,2517,543,1028,408,348,372,1100,341,41,53
1400000US53033029004,"Census Tract 290.04, King County, Washington",3531,302,1376,247,2155,385,1328,375,470,265,145,91,212,163
1400000US53033029101,"Census Tract 291.01, King County, Washington",3098,359,1871,343,1227,235,258,109,260,156,464,185,245,96
1400000US53033029102,"Census Tract 291.02, King County, Washington",4595,443,2996,459,1599,465,790,267,190,145,318,126,301,295
1400000US53033029203,"Census Tract 292.03, King County, Washington",4065,390,2882,353,1183,372,717,343,156,86,310,131,0,12
1400000US53033029204,"Census Tract 292.04, King County, Washington",7127,533,4426,498,2701,622,1124,536,193,165,1122,266,262,179
1400000US53033029205,"Census Tract 292.05, King County, Washington",4931,441,2815,401,2116,401,700,275,120,92,610,264,686,350
1400000US53033029206,"Census Tract 292.06, King County, Washington",3856,389,2155,334,1701,313,828,184,189,214,434,206,250,133
1400000US53033029303,"Census Tract 293.03, King County, Washington",7099,449,4999,446,2100,454,68,56,660,371,1212,258,160,191
1400000US53033029304,"Census Tract 293.04, King County, Washington",5115,371,3455,341,1660,365,428,292,294,151,889,239,49,75
1400000US53033029305,"Census Tract 293.05, King County, Washington",3908,332,2014,332,1894,444,302,215,649,344,943,317,0,12
1400000US53033029306,"Census Tract 293.06, King County, Washington",3487,320,2141,257,1346,329,60,56,410,261,785,258,91,132
1400000US53033029307,"Census Tract 293.07, King County, Washington",4103,351,2861,238,1242,368,163,126,329,289,750,314,0,12
1400000US53033029403,"Census Tract 294.03, King County, Washington",5567,352,2985,277,2582,324,636,241,469,264,1128,251,349,372
1400000US53033029405,"Census Tract 294.05, King County, Washington",5540,351,3351,392,2189,428,454,287,449,318,1075,259,211,265
1400000US53033029406,"Census Tract 294.06, King County, Washington",4881,384,2743,341,2138,412,175,106,629,343,1085,361,249,143
1400000US53033029407,"Census Tract 294.07, King County, Washington",4368,348,2030,305,2338,445,497,208,771,312,809,273,261,146
1400000US53033029408,"Census Tract 294.08, King County, Washington",3802,350,2088,217,1714,384,934,330,287,180,398,122,95,133
1400000US53033029502,"Census Tract 295.02, King County, Washington",7130,547,4360,454,2770,711,228,84,993,501,1535,611,14,22
1400000US53033029503,"Census Tract 295.03, King County, Washington",8168,544,3659,695,4509,796,1238,602,1536,548,1008,423,727,437
1400000US53033029504,"Census Tract 295.04, King County, Washington",5626,580,3531,642,2095,597,775,584,363,192,828,266,129,126
1400000US53033029601,"Census Tract 296.01, King County, Washington",7143,577,3744,586,3399,663,217,168,1030,531,1492,450,660,635
1400000US53033029602,"Census Tract 296.02, King County, Washington",5878,420,3886,372,1992,491,408,200,813,304,719,371,52,82
1400000US53033029700,"Census Tract 297, King County, Washington",7169,563,4519,659,2650,639,918,419,568,342,849,434,315,389
1400000US53033029801,"Census Tract 298.01, King County, Washington",9328,717,5943,821,3385,848,1210,654,1123,686,652,196,400,372
1400000US53033029802,"Census Tract 298.02, King County, Washington",8715,791,5596,671,3119,890,1076,519,1080,802,963,269,0,17
1400000US53033029901,"Census Tract 299.01, King County, Washington",4283,301,3162,391,1121,300,324,156,559,244,238,123,0,12
1400000US53033029902,"Census Tract 299.02, King County, Washington",4529,363,3012,409,1517,372,250,214,528,319,722,155,17,28
1400000US53033030003,"Census Tract 300.03, King County, Washington",6254,433,4100,450,2154,553,1245,383,345,249,198,139,366,362
1400000US53033030004,"Census Tract 300.04, King County, Washington",7852,709,4202,673,3650,1010,1770,851,822,670,574,227,484,316
1400000US53033030005,"Census Tract 300.05, King County, Washington",5475,379,2374,389,3101,509,2036,454,442,257,527,235,96,140
1400000US53033030006,"Census Tract 300.06, King County, Washington",3775,335,1904,261,1871,332,934,267,111,55,442,142,384,260
1400000US53033030100,"Census Tract 301, King County, Washington",7287,686,6111,832,1176,504,298,266,529,376,329,188,20,32
1400000US53033030201,"Census Tract 302.01, King County, Washington",5173,610,3149,301,2024,509,939,465,348,216,596,235,141,135
1400000US53033030202,"Census Tract 302.02, King County, Washington",6660,455,3956,640,2704,519,805,346,271,200,909,412,719,356
1400000US53033030304,"Census Tract 303.04, King County, Washington",3708,341,2493,431,1215,349,177,128,261,172,612,238,165,225
1400000US53033030305,"Census Tract 303.05, King County, Washington",4723,387,3336,363,1387,458,297,162,552,351,526,166,12,19
1400000US53033030306,"Census Tract 303.06, King County, Washington",5233,393,4242,328,991,280,512,201,76,72,403,168,0,17
1400000US53033030308,"Census Tract 303.08, King County, Washington",6428,397,4613,631,1815,492,544,275,232,194,747,302,292,198
1400000US53033030309,"Census Tract 303.09, King County, Washington",5155,433,3925,446,1230,308,223,141,124,107,724,226,159,135
1400000US53033030310,"Census Tract 303.10, King County, Washington",6018,432,3732,479,2286,434,529,219,634,297,1110,228,13,20
1400000US53033030311,"Census Tract 303.11, King County, Washington",4799,309,3656,364,1143,311,640,260,89,74,403,179,11,18
1400000US53033030312,"Census Tract 303.12, King County, Washington",4686,346,3116,392,1570,361,542,176,364,343,416,132,248,239
1400000US53033030313,"Census Tract 303.13, King County, Washington",4106,363,2501,382,1605,342,680,299,319,229,528,194,78,73
1400000US53033030314,"Census Tract 303.14, King County, Washington",4077,327,2784,359,1293,376,343,239,19,22,777,220,154,188
1400000US53033030401,"Census Tract 304.01, King County, Washington",8595,617,6852,855,1743,673,363,269,830,612,514,223,36,42
1400000US53033030403,"Census Tract 304.03, King County, Washington",4409,218,3486,374,923,310,52,36,427,256,444,160,0,12
1400000US53033030404,"Census Tract 304.04, King County, Washington",4722,292,3491,361,1231,296,303,214,678,242,198,113,52,66
1400000US53033030501,"Census Tract 305.01, King County, Washington",1854,215,1478,165,376,140,137,111,104,47,122,73,13,17
1400000US53033030503,"Census Tract 305.03, King County, Washington",4662,525,3268,443,1394,482,310,233,608,329,294,207,182,210
1400000US53033030504,"Census Tract 305.04, King County, Washington",4324,341,3379,374,945,300,304,234,390,280,177,99,74,123
1400000US53033030600,"Census Tract 306, King County, Washington",5226,515,3420,547,1806,642,1001,533,145,120,654,393,6,11
1400000US53033030700,"Census Tract 307, King County, Washington",3844,325,2702,406,1142,391,764,369,115,68,214,148,49,55
1400000US53033030801,"Census Tract 308.01, King County, Washington",6359,570,3633,696,2726,670,2185,598,314,199,88,67,139,119
1400000US53033030802,"Census Tract 308.02, King County, Washington",3177,331,2207,278,970,254,515,211,81,58,374,254,0,12
1400000US53033030901,"Census Tract 309.01, King County, Washington",3547,274,2617,328,930,259,210,175,173,96,496,255,51,50
1400000US53033030902,"Census Tract 309.02, King County, Washington",5711,341,3980,411,1731,382,862,287,181,200,688,297,0,17
1400000US53033031000,"Census Tract 310, King County, Washington",4148,292,3445,271,703,228,121,90,135,72,365,149,82,107
1400000US53033031100,"Census Tract 311, King County, Washington",6915,392,5291,367,1624,469,1125,463,81,54,354,104,64,45
1400000US53033031202,"Census Tract 312.02, King County, Washington",6134,558,5846,549,288,160,208,149,19,24,9,13,52,52
1400000US53033031204,"Census Tract 312.04, King County, Washington",5638,402,4751,417,887,293,398,175,292,223,197,190,0,17
1400000US53033031205,"Census Tract 312.05, King County, Washington",7634,505,5030,768,2604,755,995,676,555,407,1004,246,50,82
1400000US53033031206,"Census Tract 312.06, King County, Washington",5481,453,3533,341,1948,508,751,258,247,241,819,390,131,155
1400000US53033031301,"Census Tract 313.01, King County, Washington",2402,238,2085,233,317,153,278,153,18,21,14,15,7,10
1400000US53033031302,"Census Tract 313.02, King County, Washington",4111,262,3648,268,463,154,430,148,22,17,11,16,0,12
1400000US53033031400,"Census Tract 314, King County, Washington",6005,369,5303,489,702,502,577,490,59,52,66,64,0,17
1400000US53033031501,"Census Tract 315.01, King County, Washington",3835,345,3702,324,133,94,10,15,46,57,77,71,0,12
1400000US53033031502,"Census Tract 315.02, King County, Washington",4083,292,3799,322,284,175,230,161,45,48,9,15,0,12
1400000US53033031601,"Census Tract 316.01, King County, Washington",5265,289,4679,356,586,254,304,229,214,140,57,44,11,17
1400000US53033031603,"Census Tract 316.03, King County, Washington",6210,371,5650,439,560,202,250,135,161,138,149,105,0,17
1400000US53033031604,"Census Tract 316.04, King County, Washington",5466,316,4750,381,716,204,154,100,233,158,260,89,69,63
1400000US53033031605,"Census Tract 316.05, King County, Washington",3881,355,3491,339,390,209,247,204,91,75,43,43,9,16
1400000US53033031703,"Census Tract 317.03, King County, Washington",6568,516,4635,403,1933,521,540,231,856,422,400,199,137,156
1400000US53033031704,"Census Tract 317.04, King County, Washington",5692,392,3569,394,2123,427,481,242,422,220,1111,266,109,133
1400000US53033031705,"Census Tract 317.05, King County, Washington",3913,328,3092,390,821,282,93,110,433,229,270,103,25,38
1400000US53033031706,"Census Tract 317.06, King County, Washington",7966,498,6359,453,1607,503,596,316,128,152,811,360,72,89
1400000US53033031800,"Census Tract 318, King County, Washington",4429,282,3370,330,1059,356,40,31,617,355,325,190,77,113
1400000US53033031903,"Census Tract 319.03, King County, Washington",6877,446,5595,447,1282,218,345,112,341,225,584,213,12,17
1400000US53033031904,"Census Tract 319.04, King County, Washington",3234,197,3101,189,133,81,70,70,37,27,26,27,0,12
1400000US53033031906,"Census Tract 319.06, King County, Washington",3739,205,3021,250,718,166,23,37,211,135,413,179,71,77
1400000US53033031907,"Census Tract 319.07, King County, Washington",7706,416,5631,560,2075,447,143,131,549,266,1237,381,146,104
1400000US53033031908,"Census Tract 319.08, King County, Washington",4024,436,3482,397,542,213,128,102,81,67,282,170,51,60
1400000US53033031909,"Census Tract 319.09, King County, Washington",3072,162,2415,233,657,185,50,42,25,33,398,112,184,168
1400000US53033032002,"Census Tract 320.02, King County, Washington",3034,210,2930,216,104,76,27,31,60,63,0,12,17,21
1400000US53033032003,"Census Tract 320.03, King County, Washington",5249,340,4991,351,258,114,76,54,70,56,112,81,0,17
1400000US53033032005,"Census Tract 320.05, King County, Washington",6422,442,5152,508,1270,489,225,226,209,176,814,342,22,35
1400000US53033032006,"Census Tract 320.06, King County, Washington",5177,265,4949,315,228,109,94,84,88,76,46,39,0,17
1400000US53033032007,"Census Tract 320.07, King County, Washington",3401,364,3234,382,167,125,0,12,100,94,41,30,26,32
1400000US53033032008,"Census Tract 320.08, King County, Washington",4251,200,4061,218,190,91,97,86,39,27,36,34,18,27
1400000US53033032010,"Census Tract 320.10, King County, Washington",5662,355,4987,334,675,315,171,230,212,163,260,198,32,52
1400000US53033032011,"Census Tract 320.11, King County, Washington",4176,241,3668,316,508,196,142,122,150,122,216,80,0,12
1400000US53033032102,"Census Tract 321.02, King County, Washington",5039,506,4660,474,379,191,30,29,219,156,130,110,0,17
1400000US53033032103,"Census Tract 321.03, King County, Washington",5045,427,3892,492,1153,561,792,527,176,125,140,71,45,68
1400000US53033032104,"Census Tract 321.04, King County, Washington",5879,437,4795,396,1084,448,558,273,70,77,299,161,157,234
1400000US53033032203,"Census Tract 322.03, King County, Washington",7730,366,5011,400,2719,307,331,143,1132,305,1227,242,29,48
1400000US53033032207,"Census Tract 322.07, King County, Washington",3739,226,3001,273,738,171,41,33,228,139,429,140,40,64
1400000US53033032208,"Census Tract 322.08, King County, Washington",9260,638,6577,616,2683,525,484,288,698,381,1341,359,160,189
1400000US53033032210,"Census Tract 322.10, King County, Washington",14138,647,9307,922,4831,819,783,385,1285,411,2424,564,339,420
1400000US53033032211,"Census Tract 322.11, King County, Washington",4683,213,3212,253,1471,264,248,154,438,168,715,164,70,78
1400000US53033032212,"Census Tract 322.12, King County, Washington",7383,440,4934,389,2449,396,54,53,764,325,1533,427,98,155
1400000US53033032213,"Census Tract 322.13, King County, Washington",4116,219,3101,264,1015,175,72,64,273,101,670,163,0,12
1400000US53033032214,"Census Tract 322.14, King County, Washington",6414,317,3316,343,3098,404,139,103,1210,348,1749,373,0,17
1400000US53033032215,"Census Tract 322.15, King County, Washington",4916,267,2925,282,1991,318,0,17,630,204,1276,286,85,94
1400000US53033032307,"Census Tract 323.07, King County, Washington",5549,337,4963,383,586,202,53,65,259,140,198,116,76,105
1400000US53033032309,"Census Tract 323.09, King County, Washington",8296,454,4043,520,4253,630,233,155,1226,411,2593,593,201,134
1400000US53033032311,"Census Tract 323.11, King County, Washington",5425,422,4807,443,618,152,63,65,99,77,456,147,0,17
1400000US53033032313,"Census Tract 323.13, King County, Washington",6223,446,2623,458,3600,480,386,275,1254,352,1930,454,30,33
1400000US53033032315,"Census Tract 323.15, King County, Washington",5032,325,4322,362,710,199,80,62,397,194,233,102,0,17
1400000US53033032316,"Census Tract 323.16, King County, Washington",5077,197,3523,270,1554,226,59,57,592,165,861,210,42,47
1400000US53033032317,"Census Tract 323.17, King County, Washington",6093,367,4189,449,1904,341,182,126,581,254,998,225,143,156
1400000US53033032318,"Census Tract 323.18, King County, Washington",6626,255,3671,497,2955,512,177,115,1137,331,1228,224,413,435
1400000US53033032319,"Census Tract 323.19, King County, Washington",5454,327,4742,446,712,325,157,117,446,285,109,122,0,17
1400000US53033032320,"Census Tract 323.20, King County, Washington",4360,248,3949,268,411,143,128,106,170,101,102,80,11,19
1400000US53033032321,"Census Tract 323.21, King County, Washington",6254,288,3832,275,2422,263,218,160,572,193,1578,324,54,84
1400000US53033032322,"Census Tract 323.22, King County, Washington",3263,158,2432,190,831,175,67,60,232,123,384,99,148,116
1400000US53033032323,"Census Tract 323.23, King County, Washington",5719,396,4047,469,1672,395,330,200,595,242,647,268,100,98
1400000US53033032324,"Census Tract 323.24, King County, Washington",5789,349,3478,505,2311,448,325,245,995,342,899,274,92,134
1400000US53033032325,"Census Tract 323.25, King County, Washington",5615,530,3206,545,2409,474,214,178,1029,390,820,252,346,272
1400000US53033032326,"Census Tract 323.26, King County, Washington",3463,144,2781,225,682,185,273,124,211,125,198,115,0,12
1400000US53033032327,"Census Tract 323.27, King County, Washington",4223,188,3529,238,694,203,208,137,211,130,264,103,11,16
1400000US53033032328,"Census Tract 323.28, King County, Washington",3176,178,2670,226,506,153,48,50,341,109,33,33,84,109
1400000US53033032329,"Census Tract 323.29, King County, Washington",8212,407,4546,464,3666,436,191,122,1294,370,2031,402,150,136
1400000US53033032401,"Census Tract 324.01, King County, Washington",5809,657,5260,628,549,269,44,38,348,208,157,154,0,17
1400000US53033032402,"Census Tract 324.02, King County, Washington",6439,597,5637,649,802,393,470,365,274,151,49,59,9,16
1400000US53033032500,"Census Tract 325, King County, Washington",5118,350,4740,358,378,153,235,148,125,58,18,22,0,17
1400000US53033032601,"Census Tract 326.01, King County, Washington",2950,341,2711,315,239,164,153,157,46,49,40,47,0,12
1400000US53033032602,"Census Tract 326.02, King County, Washington",13267,578,11094,734,2173,521,352,235,949,449,808,274,64,92
1400000US53033032702,"Census Tract 327.02, King County, Washington",6448,509,6225,526,223,156,114,141,74,68,20,30,15,23
1400000US53033032703,"Census Tract 327.03, King County, Washington",2338,212,2132,192,206,98,121,79,55,43,30,27,0,12
1400000US53033032704,"Census Tract 327.04, King County, Washington",6845,346,6063,632,782,620,642,620,89,84,51,61,0,17
1400000US53033032800,"Census Tract 328, King County, Washington",2511,212,2365,218,146,80,51,45,70,59,20,22,5,10
1400000US53033990100,"Census Tract 9901, King County, Washington",0,12,0,12,0,12,0,12,0,12,0,12,0,12
1400000US53053060200,"Census Tract 602, Pierce County, Washington",2519,385,1014,209,1505,334,1000,298,305,179,152,86,48,47
1400000US53053060300,"Census Tract 603, Pierce County, Washington",4455,322,4084,319,371,117,111,56,139,66,86,52,35,56
1400000US53053060400,"Census Tract 604, Pierce County, Washington",3935,302,3834,320,101,70,21,26,27,38,53,55,0,12
1400000US53053060500,"Census Tract 605, Pierce County, Washington",3998,233,3595,252,403,126,134,67,220,107,49,32,0,12
1400000US53053060600,"Census Tract 606, Pierce County, Washington",5542,635,5067,651,475,179,181,99,190,135,99,107,5,15
1400000US53053060700,"Census Tract 607, Pierce County, Washington",6437,522,6131,459,306,237,81,50,162,227,58,43,5,9
1400000US53053060800,"Census Tract 608, Pierce County, Washington",4839,418,4524,406,315,167,204,131,64,71,47,51,0,17
1400000US53053060903,"Census Tract 609.03, Pierce County, Washington",3253,234,3032,245,221,113,21,23,97,64,102,97,1,2
1400000US53053060904,"Census Tract 609.04, Pierce County, Washington",4767,506,4101,510,666,252,40,42,557,249,42,52,27,37
1400000US53053060905,"Census Tract 609.05, Pierce County, Washington",6634,509,6064,529,570,312,47,45,165,193,355,260,3,7
1400000US53053060906,"Census Tract 609.06, Pierce County, Washington",2139,109,2017,136,122,58,73,42,36,32,13,14,0,12
1400000US53053061001,"Census Tract 610.01, Pierce County, Washington",4022,331,3724,327,298,102,53,40,65,45,164,77,16,18
1400000US53053061002,"Census Tract 610.02, Pierce County, Washington",4235,455,3397,478,838,284,231,151,165,119,397,260,45,58
1400000US53053061100,"Census Tract 611, Pierce County, Washington",5884,504,5348,528,536,202,26,28,191,166,305,139,14,22
1400000US53053061200,"Census Tract 612, Pierce County, Washington",4765,453,4251,443,514,204,163,97,149,81,175,120,27,42
1400000US53053061300,"Census Tract 613, Pierce County, Washington",4692,419,4084,386,608,288,265,197,123,58,41,36,179,199
1400000US53053061400,"Census Tract 614, Pierce County, Washington",3052,571,2467,503,585,232,178,94,113,75,249,141,45,60
1400000US53053061500,"Census Tract 615, Pierce County, Washington",4856,333,4475,351,381,171,159,82,123,89,99,90,0,12
1400000US53053061601,"Census Tract 616.01, Pierce County, Washington",1806,148,1491,181,315,117,93,80,46,55,139,75,37,49
1400000US53053061602,"Census Tract 616.02, Pierce County, Washington",792,226,623,196,169,53,74,33,23,24,72,39,0,12
1400000US53053061700,"Census Tract 617, Pierce County, Washington",5260,750,4526,742,734,271,351,208,0,17,286,176,97,179
1400000US53053061800,"Census Tract 618, Pierce County, Washington",2733,290,2494,294,239,122,35,37,0,12,204,110,0,12
1400000US53053061900,"Census Tract 619, Pierce County, Washington",1695,176,1405,196,290,156,134,116,36,38,120,66,0,12
1400000US53053062000,"Census Tract 620, Pierce County, Washington",4215,323,2956,240,1259,267,905,281,47,46,295,148,12,19
1400000US53053062300,"Census Tract 623, Pierce County, Washington",5473,378,3358,313,2115,335,930,175,378,206,738,203,69,79
1400000US53053062400,"Census Tract 624, Pierce County, Washington",6025,663,5586,674,439,190,71,86,0,17,368,162,0,17
1400000US53053062500,"Census Tract 625, Pierce County, Washington",6931,681,6176,663,755,349,332,247,158,82,265,228,0,17
1400000US53053062600,"Census Tract 626, Pierce County, Washington",3592,325,2738,358,854,281,335,176,194,116,275,149,50,52
1400000US53053062801,"Census Tract 628.01, Pierce County, Washington",6490,496,5548,536,942,363,500,316,145,147,182,145,115,110
1400000US53053062802,"Census Tract 628.02, Pierce County, Washington",3922,401,3028,477,894,342,217,225,119,132,558,208,0,12
1400000US53053062900,"Census Tract 629, Pierce County, Washington",7244,572,5740,612,1504,418,686,337,329,210,441,214,48,71
1400000US53053063000,"Census Tract 630, Pierce County, Washington",3223,388,2452,440,771,306,272,190,135,99,335,169,29,45
1400000US53053063100,"Census Tract 631, Pierce County, Washington",4378,428,3515,389,863,268,270,214,40,38,517,137,36,37
1400000US53053063200,"Census Tract 632, Pierce County, Washington",5025,370,4212,422,813,218,296,140,60,32,457,181,0,17
1400000US53053063300,"Census Tract 633, Pierce County, Washington",8128,724,4444,545,3684,706,1884,471,312,374,1424,459,64,102
1400000US53053063400,"Census Tract 634, Pierce County, Washington",7333,544,5499,589,1834,518,452,324,315,234,930,262,137,184
1400000US53053063501,"Census Tract 635.01, Pierce County, Washington",3988,324,2725,389,1263,435,368,364,89,68,591,214,215,222
1400000US53053063502,"Census Tract 635.02, Pierce County, Washington",4333,337,2472,378,1861,390,169,145,197,167,1452,336,43,51
1400000US53053070100,"Census Tract 701, Pierce County, Washington",3649,414,3379,372,270,183,127,109,52,38,91,143,0,12
1400000US53053070203,"Census Tract 702.03, Pierce County, Washington",7782,515,7388,601,394,232,47,41,266,216,81,63,0,17
1400000US53053070204,"Census Tract 702.04, Pierce County, Washington",3379,308,3273,306,106,68,65,48,29,37,12,20,0,12
1400000US53053070205,"Census Tract 702.05, Pierce County, Washington",3186,277,2943,287,243,222,237,225,6,10,0,12,0,12
1400000US53053070206,"Census Tract 702.06, Pierce County, Washington",4009,290,3889,299,120,78,74,68,21,16,25,38,0,12
1400000US53053070207,"Census Tract 702.07, Pierce County, Washington",5084,290,4837,387,247,255,180,240,34,54,13,20,20,47
1400000US53053070307,"Census Tract 703.07, Pierce County, Washington",5273,309,5134,328,139,77,55,47,50,49,34,34,0,17
1400000US53053070308,"Census Tract 703.08, Pierce County, Washington",3954,333,3878,334,76,55,20,22,16,18,40,47,0,12
1400000US53053070309,"Census Tract 703.09, Pierce County, Washington",5232,350,4946,381,286,183,174,160,74,73,38,65,0,17
1400000US53053070310,"Census Tract 703.10, Pierce County, Washington",4886,379,4508,368,378,168,258,154,10,14,110,80,0,17
1400000US53053070311,"Census Tract 703.11, Pierce County, Washington",4689,318,4324,307,365,183,296,183,19,21,50,47,0,17
1400000US53053070312,"Census Tract 703.12, Pierce County, Washington",6236,390,5680,376,556,184,160,114,236,143,160,76,0,17
1400000US53053070313,"Census Tract 703.13, Pierce County, Washington",6011,328,5550,378,461,296,257,218,66,90,138,165,0,17
1400000US53053070314,"Census Tract 703.14, Pierce County, Washington",3208,250,2956,258,252,161,116,122,24,23,112,99,0,12
1400000US53053070315,"Census Tract 703.15, Pierce County, Washington",5824,395,4908,495,916,334,0,17,77,65,711,278,128,153
1400000US53053070316,"Census Tract 703.16, Pierce County, Washington",5152,338,4436,384,716,230,49,79,356,223,311,172,0,17
1400000US53053070401,"Census Tract 704.01, Pierce County, Washington",1875,192,1768,195,107,50,95,49,5,7,7,11,0,12
1400000US53053070403,"Census Tract 704.03, Pierce County, Washington",3738,317,3203,364,535,339,480,337,46,33,9,14,0,12
1400000US53053070404,"Census Tract 704.04, Pierce County, Washington",4754,296,4551,309,203,131,104,124,43,37,56,67,0,17
1400000US53053070703,"Census Tract 707.03, Pierce County, Washington",5849,162,4926,246,923,243,424,146,298,179,201,140,0,17
1400000US53053071100,"Census Tract 711, Pierce County, Washington",2364,180,2006,223,358,165,212,140,40,27,106,86,0,12
1400000US53053071205,"Census Tract 712.05, Pierce County, Washington",4820,276,4474,317,346,134,92,72,29,34,225,103,0,17
1400000US53053071206,"Census Tract 712.06, Pierce County, Washington",6470,543,5941,474,529,254,0,17,498,249,0,17,31,48
1400000US53053071207,"Census Tract 712.07, Pierce County, Washington",6379,490,5094,550,1285,450,869,437,105,91,297,153,14,23
1400000US53053071208,"Census Tract 712.08, Pierce County, Washington",7672,693,6548,603,1124,416,583,316,88,92,453,312,0,17
1400000US53053071209,"Census Tract 712.09, Pierce County, Washington",3788,224,3576,210,212,101,74,74,51,34,81,60,6,10
1400000US53053071210,"Census Tract 712.10, Pierce County, Washington",5209,377,4655,384,554,141,169,105,85,60,277,79,23,38
1400000US53053071304,"Census Tract 713.04, Pierce County, Washington",6278,503,5280,550,998,438,264,228,239,314,360,195,135,207
1400000US53053071305,"Census Tract 713.05, Pierce County, Washington",3783,381,3119,302,664,315,375,301,28,30,261,101,0,12
1400000US53053071306,"Census Tract 713.06, Pierce County, Washington",6460,459,5650,478,810,284,143,94,269,213,398,177,0,17
1400000US53053071307,"Census Tract 713.07, Pierce County, Washington",4956,341,4660,329,296,139,151,138,71,51,74,32,0,17
1400000US53053071309,"Census Tract 713.09, Pierce County, Washington",4213,333,3695,292,518,262,240,221,132,145,146,93,0,12
1400000US53053071310,"Census Tract 713.10, Pierce County, Washington",5619,450,4651,455,968,367,305,169,357,315,264,199,42,68
1400000US53053071403,"Census Tract 714.03, Pierce County, Washington",4070,326,3508,339,562,158,83,67,66,55,412,136,1,5
1400000US53053071406,"Census Tract 714.06, Pierce County, Washington",7498,629,6399,715,1099,344,387,264,186,240,488,222,38,55
1400000US53053071407,"Census Tract 714.07, Pierce County, Washington",6616,493,6133,505,483,156,134,106,165,125,183,102,1,15
1400000US53053071408,"Census Tract 714.08, Pierce County, Washington",3632,378,2986,420,646,189,182,109,159,115,278,129,27,33
1400000US53053071409,"Census Tract 714.09, Pierce County, Washington",3951,376,3411,389,540,190,400,151,41,33,99,88,0,12
1400000US53053071410,"Census Tract 714.10, Pierce County, Washington",8020,532,6766,604,1254,397,285,208,251,192,681,237,37,59
1400000US53053071411,"Census Tract 714.11, Pierce County, Washington",5946,531,4532,459,1414,344,831,257,114,115,469,263,0,17
1400000US53053071503,"Census Tract 715.03, Pierce County, Washington",4896,410,4036,414,860,255,182,103,110,121,552,233,16,26
1400000US53053071504,"Census Tract 715.04, Pierce County, Washington",5667,372,4608,336,1059,188,556,121,139,56,345,148,19,23
1400000US53053071505,"Census Tract 715.05, Pierce County, Washington",4950,398,4264,415,686,203,147,131,68,76,471,137,0,17
1400000US53053071506,"Census Tract 715.06, Pierce County, Washington",5041,452,4107,440,934,299,397,272,328,168,209,97,0,17
1400000US53053071601,"Census Tract 716.01, Pierce County, Washington",4882,421,2412,279,2470,499,1814,468,178,150,328,206,150,157
1400000US53053071602,"Census Tract 716.02, Pierce County, Washington",7666,960,6036,1023,1630,529,769,366,216,177,566,283,79,81
1400000US53053071703,"Census Tract 717.03, Pierce County, Washington",3677,427,1889,362,1788,484,905,393,261,172,279,138,343,205
1400000US53053071704,"Census Tract 717.04, Pierce County, Washington",4148,417,2013,348,2135,430,1457,402,27,31,280,164,371,259
1400000US53053071705,"Census Tract 717.05, Pierce County, Washington",3778,395,2716,434,1062,306,586,224,140,123,313,133,23,43
1400000US53053071706,"Census Tract 717.06, Pierce County, Washington",1763,247,1543,233,220,101,67,54,51,65,101,71,1,2
1400000US53053071707,"Census Tract 717.07, Pierce County, Washington",2342,237,2106,245,236,94,78,72,69,62,76,46,13,18
1400000US53053071803,"Census Tract 718.03, Pierce County, Washington",5149,488,4167,477,982,334,228,211,26,29,622,231,106,172
1400000US53053071805,"Census Tract 718.05, Pierce County, Washington",3362,325,1989,303,1373,356,707,322,22,24,576,199,68,61
1400000US53053071806,"Census Tract 718.06, Pierce County, Washington",3437,317,2342,317,1095,287,788,282,54,53,242,142,11,19
1400000US53053071807,"Census Tract 718.07, Pierce County, Washington",3538,329,2522,329,1016,319,662,282,40,50,304,154,10,25
1400000US53053071808,"Census Tract 718.08, Pierce County, Washington",4150,353,2564,341,1586,267,1152,231,30,40,365,129,39,60
1400000US53053071901,"Census Tract 719.01, Pierce County, Washington",4808,391,3927,422,881,381,421,322,40,54,355,156,65,70
1400000US53053071902,"Census Tract 719.02, Pierce County, Washington",5371,370,4678,422,693,291,243,188,130,93,265,136,55,99
1400000US53053072000,"Census Tract 720, Pierce County, Washington",4092,503,3296,611,796,312,463,270,98,84,220,184,15,23
1400000US53053072105,"Census Tract 721.05, Pierce County, Washington",5268,501,4276,486,992,213,172,101,134,90,507,122,179,128
1400000US53053072106,"Census Tract 721.06, Pierce County, Washington",6250,393,5315,434,935,328,246,251,61,59,520,197,108,110
1400000US53053072107,"Census Tract 721.07, Pierce County, Washington",3960,289,3256,295,704,199,300,155,72,49,332,124,0,12
1400000US53053072108,"Census Tract 721.08, Pierce County, Washington",4707,403,3860,468,847,232,255,145,86,104,439,169,67,62
1400000US53053072109,"Census Tract 721.09, Pierce County, Washington",3083,229,2694,231,389,138,83,88,108,55,198,84,0,12
1400000US53053072111,"Census Tract 721.11, Pierce County, Washington",2807,238,2428,232,379,132,70,47,201,107,108,70,0,12
1400000US53053072112,"Census Tract 721.12, Pierce County, Washington",4552,436,3669,429,883,205,281,100,135,61,443,167,24,27
1400000US53053072305,"Census Tract 723.05, Pierce County, Washington",5523,289,5170,332,353,201,37,43,24,40,254,196,38,73
1400000US53053072307,"Census Tract 723.07, Pierce County, Washington",4673,336,4080,333,593,195,274,178,49,38,208,93,62,85
1400000US53053072308,"Census Tract 723.08, Pierce County, Washington",7539,480,6228,525,1311,407,229,120,417,323,612,288,53,82
1400000US53053072309,"Census Tract 723.09, Pierce County, Washington",5741,441,5408,493,333,191,159,177,44,40,130,88,0,17
1400000US53053072310,"Census Tract 723.10, Pierce County, Washington",3823,234,3219,263,604,278,112,95,229,231,211,152,52,82
1400000US53053072311,"Census Tract 723.11, Pierce County, Washington",4475,254,3570,348,905,321,342,261,117,89,341,148,105,109
1400000US53053072312,"Census Tract 723.12, Pierce County, Washington",5144,316,4046,385,1098,244,77,85,221,187,755,191,45,52
1400000US53053072313,"Census Tract 723.13, Pierce County, Washington",3620,240,3024,274,596,171,54,65,124,101,418,142,0,12
1400000US53053072405,"Census Tract 724.05, Pierce County, Washington",3933,234,3582,238,351,191,182,160,55,53,114,106,0,12
1400000US53053072406,"Census Tract 724.06, Pierce County, Washington",5823,540,5498,530,325,187,211,157,49,53,65,68,0,17
1400000US53053072407,"Census Tract 724.07, Pierce County, Washington",4575,435,4320,402,255,135,25,23,153,110,77,79,0,12
1400000US53053072408,"Census Tract 724.08, Pierce County, Washington",5910,407,5686,441,224,129,12,15,143,96,69,76,0,17
1400000US53053072409,"Census Tract 724.09, Pierce County, Washington",2467,150,2376,165,91,50,39,31,22,22,30,29,0,12
1400000US53053072410,"Census Tract 724.10, Pierce County, Washington",3720,299,3629,305,91,52,8,12,75,50,0,12,8,14
1400000US53053072503,"Census Tract 725.03, Pierce County, Washington",4144,396,3937,380,207,114,44,52,69,61,81,68,13,20
1400000US53053072504,"Census Tract 725.04, Pierce County, Washington",4775,339,4433,356,342,130,172,99,57,40,113,65,0,17
1400000US53053072505,"Census Tract 725.05, Pierce County, Washington",8420,607,7388,523,1032,370,538,299,132,92,261,147,101,120
1400000US53053072506,"Census Tract 725.06, Pierce County, Washington",3410,299,3141,298,269,165,6,10,70,72,184,169,9,15
1400000US53053072507,"Census Tract 725.07, Pierce County, Washington",2869,289,2667,284,202,84,72,62,81,49,37,28,12,18
1400000US53053072601,"Census Tract 726.01, Pierce County, Washington",5921,735,5813,726,108,139,88,139,10,17,10,18,0,17
1400000US53053072602,"Census Tract 726.02, Pierce County, Washington",3891,538,3702,524,189,118,103,103,78,57,8,13,0,12
1400000US53053072603,"Census Tract 726.03, Pierce County, Washington",5267,658,5080,676,187,121,18,28,82,57,60,56,27,63
1400000US53053072800,"Census Tract 728, Pierce County, Washington",8667,236,7612,400,1055,303,292,149,348,199,415,214,0,17
1400000US53053072901,"Census Tract 729.01, Pierce County, Washington",2761,291,2213,274,548,163,404,140,45,43,99,50,0,12
1400000US53053072903,"Census Tract 729.03, Pierce County, Washington",5685,591,4516,540,1169,329,674,271,40,42,390,187,65,47
1400000US53053072905,"Census Tract 729.05, Pierce County, Washington",4939,345,4368,376,571,212,255,121,62,44,241,180,13,21
1400000US53053072906,"Census Tract 729.06, Pierce County, Washington",1991,430,1511,404,480,160,216,98,32,33,225,99,7,14
1400000US53053072907,"Census Tract 729.07, Pierce County, Washington",4015,399,3174,411,841,213,488,156,59,63,283,148,11,17
1400000US53053073001,"Census Tract 730.01, Pierce County, Washington",6211,677,5936,689,275,139,49,47,158,112,68,60,0,17
1400000US53053073005,"Census Tract 730.05, Pierce County, Washington",4673,502,4476,530,197,155,61,80,74,80,0,12,62,99
1400000US53053073006,"Census Tract 730.06, Pierce County, Washington",3997,364,3808,385,189,120,110,78,49,55,30,32,0,12
1400000US53053073108,"Census Tract 731.08, Pierce County, Washington",8788,736,6709,854,2079,544,858,437,330,414,743,287,148,152
1400000US53053073110,"Census Tract 731.10, Pierce County, Washington",3563,400,3346,380,217,177,17,22,79,68,121,156,0,12
1400000US53053073111,"Census Tract 731.11, Pierce County, Washington",4105,290,3634,250,471,192,202,148,72,60,197,128,0,12
1400000US53053073113,"Census Tract 731.13, Pierce County, Washington",7137,699,6430,735,707,290,153,136,111,82,368,198,75,120
1400000US53053073114,"Census Tract 731.14, Pierce County, Washington",5229,469,4793,465,436,176,130,92,44,36,262,156,0,17
1400000US53053073115,"Census Tract 731.15, Pierce County, Washington",4478,330,4241,323,237,116,106,80,37,29,51,48,43,59
1400000US53053073116,"Census Tract 731.16, Pierce County, Washington",4978,431,4499,467,479,183,130,104,87,66,230,179,32,38
1400000US53053073117,"Census Tract 731.17, Pierce County, Washington",3601,329,3531,325,70,59,0,12,0,12,54,55,16,23
1400000US53053073118,"Census Tract 731.18, Pierce County, Washington",4257,322,4011,336,246,132,25,27,70,60,94,87,57,73
1400000US53053073119,"Census Tract 731.19, Pierce County, Washington",3017,366,2796,389,221,221,197,221,16,18,8,14,0,12
1400000US53053073120,"Census Tract 731.20, Pierce County, Washington",4338,365,3612,402,726,293,234,133,140,116,204,116,148,221
1400000US53053073121,"Census Tract 731.21, Pierce County, Washington",4222,249,3642,262,580,181,257,132,98,76,209,110,16,27
1400000US53053073122,"Census Tract 731.22, Pierce County, Washington",5048,344,4358,396,690,265,467,225,104,117,64,64,55,53
1400000US53053073123,"Census Tract 731.23, Pierce County, Washington",4882,251,4392,282,490,193,84,74,185,131,207,98,14,24
1400000US53053073124,"Census Tract 731.24, Pierce County, Washington",3279,350,2978,365,301,184,208,180,61,41,32,24,0,12
1400000US53053073125,"Census Tract 731.25, Pierce County, Washington",11179,610,9537,698,1642,516,599,239,434,384,570,262,39,59
1400000US53053073126,"Census Tract 731.26, Pierce County, Washington",4185,355,3295,351,890,399,139,208,322,313,304,180,125,188
1400000US53053073200,"Census Tract 732, Pierce County, Washington",6352,606,6056,599,296,127,151,113,137,69,8,13,0,17
1400000US53053073301,"Census Tract 733.01, Pierce County, Washington",5234,347,4650,494,584,273,428,303,78,57,78,122,0,17
1400000US53053073302,"Census Tract 733.02, Pierce County, Washington",4405,284,3874,344,531,338,424,337,53,44,29,24,25,36
1400000US53053073404,"Census Tract 734.04, Pierce County, Washington",6172,486,5483,508,689,212,169,166,131,106,389,86,0,17
1400000US53053073405,"Census Tract 734.05, Pierce County, Washington",3586,286,3221,269,365,185,131,125,78,70,81,64,75,83
1400000US53053073406,"Census Tract 734.06, Pierce County, Washington",5380,381,4874,397,506,257,207,232,124,85,156,112,19,30
1400000US53053073407,"Census Tract 734.07, Pierce County, Washington",3340,322,3140,270,200,140,33,37,22,29,145,131,0,12
1400000US53053073408,"Census Tract 734.08, Pierce County, Washington",4111,268,3692,268,419,174,354,162,18,20,47,46,0,12
1400000US53053073500,"Census Tract 735, Pierce County, Washington",8000,327,7695,359,305,165,88,68,88,66,129,136,0,17
1400000US53053940001,"Census Tract 9400.01, Pierce County, Washington",2722,148,2418,154,304,64,69,30,40,19,180,55,15,17
1400000US53053940002,"Census Tract 9400.02, Pierce County, Washington",4396,342,3170,320,1226,275,431,169,255,94,517,210,23,22
1400000US53053940003,"Census Tract 9400.03, Pierce County, Washington",7037,332,5118,370,1919,333,604,231,340,109,962,203,13,14
1400000US53053940004,"Census Tract 9400.04, Pierce County, Washington",6098,306,5583,304,515,147,190,94,124,79,201,98,0,17
1400000US53053940005,"Census Tract 9400.05, Pierce County, Washington",5864,309,4407,304,1457,254,546,173,420,110,463,119,28,30
1400000US53053940006,"Census Tract 9400.06, Pierce County, Washington",3107,213,1871,207,1236,224,101,71,218,101,773,148,144,114
1400000US53053940007,"Census Tract 9400.07, Pierce County, Washington",2927,277,2057,262,870,234,360,156,82,45,315,137,113,90
1400000US53053940008,"Census Tract 9400.08, Pierce County, Washington",5829,224,4260,235,1569,253,487,189,355,135,665,98,62,49
1400000US53053940009,"Census Tract 9400.09, Pierce County, Washington",3012,242,2593,212,419,203,128,70,186,171,105,76,0,12
1400000US53053940010,"Census Tract 9400.10, Pierce County, Washington",4402,312,4069,414,333,203,49,53,105,70,131,153,48,75
1400000US53053940011,"Census Tract 9400.11, Pierce County, Washington",4113,179,3521,146,592,138,72,36,67,39,399,123,54,35
1400000US53061040100,"Census Tract 401, Snohomish County, Washington",4870,470,4237,472,633,234,128,99,54,50,349,181,102,133
1400000US53061040200,"Census Tract 402, Snohomish County, Washington",5791,489,4244,544,1547,465,436,194,594,331,400,299,117,131
1400000US53061040300,"Census Tract 403, Snohomish County, Washington",2939,261,2829,243,110,89,81,82,28,28,1,2,0,12
1400000US53061040400,"Census Tract 404, Snohomish County, Washington",4531,701,3717,615,814,305,449,234,134,105,231,185,0,12
1400000US53061040500,"Census Tract 405, Snohomish County, Washington",2171,168,1937,174,234,119,100,112,82,57,42,33,10,23
1400000US53061040700,"Census Tract 407, Snohomish County, Washington",4422,448,3920,433,502,165,237,132,101,69,110,77,54,43
1400000US53061040800,"Census Tract 408, Snohomish County, Washington",2777,236,2516,243,261,129,95,69,59,49,100,100,7,13
1400000US53061040900,"Census Tract 409, Snohomish County, Washington",2972,237,2571,297,401,160,96,63,175,94,130,110,0,12
1400000US53061041000,"Census Tract 410, Snohomish County, Washington",4822,478,4304,499,518,205,68,77,191,120,259,146,0,17
1400000US53061041100,"Census Tract 411, Snohomish County, Washington",4523,278,3197,479,1326,424,526,206,350,198,373,266,77,110
1400000US53061041201,"Census Tract 412.01, Snohomish County, Washington",3017,191,2237,255,780,252,53,53,294,196,282,159,151,178
1400000US53061041202,"Census Tract 412.02, Snohomish County, Washington",5813,471,4222,459,1591,549,597,352,268,179,402,101,324,412
1400000US53061041301,"Census Tract 413.01, Snohomish County, Washington",5499,412,4707,426,792,234,157,181,242,193,381,129,12,19
1400000US53061041303,"Census Tract 413.03, Snohomish County, Washington",4152,440,2989,310,1163,415,522,328,192,145,333,98,116,161
1400000US53061041304,"Census Tract 413.04, Snohomish County, Washington",3041,201,2710,203,331,88,51,63,145,69,135,66,0,12
1400000US53061041400,"Census Tract 414, Snohomish County, Washington",5421,434,4082,477,1339,430,630,347,413,447,174,177,122,119
1400000US53061041500,"Census Tract 415, Snohomish County, Washington",1471,260,1338,261,133,70,37,40,67,47,29,28,0,12
1400000US53061041601,"Census Tract 416.01, Snohomish County, Washington",6475,435,4638,467,1837,462,418,226,481,384,747,158,191,202
1400000US53061041605,"Census Tract 416.05, Snohomish County, Washington",6093,570,4519,424,1574,661,735,598,223,212,572,221,44,68
1400000US53061041606,"Census Tract 416.06, Snohomish County, Washington",4867,476,3562,470,1305,389,463,309,337,214,499,139,6,13
1400000US53061041607,"Census Tract 416.07, Snohomish County, Washington",3763,179,3219,192,544,109,61,45,193,108,281,115,9,13
1400000US53061041608,"Census Tract 416.08, Snohomish County, Washington",6463,284,5679,295,784,210,114,70,280,222,389,145,1,3
1400000US53061041701,"Census Tract 417.01, Snohomish County, Washington",5374,516,3642,529,1732,424,388,199,632,319,490,183,222,158
1400000US53061041703,"Census Tract 417.03, Snohomish County, Washington",6248,415,4477,549,1771,605,244,153,800,561,580,288,147,134
1400000US53061041704,"Census Tract 417.04, Snohomish County, Washington",5711,782,4366,630,1345,483,257,165,616,270,472,401,0,17
1400000US53061041805,"Census Tract 418.05, Snohomish County, Washington",5960,433,3438,486,2522,656,814,371,432,278,1069,346,207,190
1400000US53061041806,"Census Tract 418.06, Snohomish County, Washington",7606,652,4829,508,2777,613,1378,510,334,270,879,388,186,250
1400000US53061041808,"Census Tract 418.08, Snohomish County, Washington",4082,462,2593,333,1489,446,720,353,303,158,268,202,198,178
1400000US53061041809,"Census Tract 418.09, Snohomish County, Washington",5020,447,3253,538,1767,549,629,343,48,48,645,213,445,393
1400000US53061041810,"Census Tract 418.10, Snohomish County, Washington",4863,407,3292,493,1571,484,787,398,202,137,343,261,239,244
1400000US53061041811,"Census Tract 418.11, Snohomish County, Washington",6602,574,4100,552,2502,653,240,177,654,581,1168,366,440,286
1400000US53061041812,"Census Tract 418.12, Snohomish County, Washington",6406,514,2809,555,3597,546,1269,526,758,390,967,379,603,298
1400000US53061041901,"Census Tract 419.01, Snohomish County, Washington",5601,376,3023,496,2578,453,566,223,688,268,768,208,556,341
1400000US53061041903,"Census Tract 419.03, Snohomish County, Washington",7370,582,4624,626,2746,732,1419,573,642,422,606,246,79,126
1400000US53061041904,"Census Tract 419.04, Snohomish County, Washington",5160,523,2419,414,2741,611,2109,585,304,270,83,73,245,138
1400000US53061041905,"Census Tract 419.05, Snohomish County, Washington",5778,513,3342,434,2436,549,1050,471,377,191,960,365,49,52
1400000US53061042001,"Census Tract 420.01, Snohomish County, Washington",6025,426,4956,442,1069,413,422,275,53,51,582,253,12,19
1400000US53061042003,"Census Tract 420.03, Snohomish County, Washington",2712,307,2225,282,487,163,80,93,200,100,207,67,0,12
1400000US53061042004,"Census Tract 420.04, Snohomish County, Washington",4254,368,3252,390,1002,313,26,26,303,200,654,274,19,24
1400000US53061042005,"Census Tract 420.05, Snohomish County, Washington",5293,278,3750,272,1543,279,59,54,235,153,1227,214,22,35
1400000US53061042006,"Census Tract 420.06, Snohomish County, Washington",4496,511,2620,487,1876,482,210,168,540,273,921,470,205,277
1400000US53061050101,"Census Tract 501.01, Snohomish County, Washington",2970,211,2652,200,318,87,58,37,81,55,133,57,46,40
1400000US53061050102,"Census Tract 501.02, Snohomish County, Washington",5916,599,3903,620,2013,501,852,380,255,214,715,211,191,204
1400000US53061050200,"Census Tract 502, Snohomish County, Washington",3950,248,3405,271,545,168,53,39,158,84,249,127,85,70
1400000US53061050300,"Census Tract 503, Snohomish County, Washington",5290,332,4761,316,529,211,153,98,221,170,91,78,64,77
1400000US53061050401,"Census Tract 504.01, Snohomish County, Washington",6757,333,5315,469,1442,444,507,275,339,185,492,232,104,148
1400000US53061050402,"Census Tract 504.02, Snohomish County, Washington",5409,388,4781,394,628,209,187,142,155,103,282,135,4,8
1400000US53061050500,"Census Tract 505, Snohomish County, Washington",6810,408,6327,440,483,195,193,152,101,69,189,100,0,17
1400000US53061050600,"Census Tract 506, Snohomish County, Washington",1073,124,922,116,151,42,6,7,58,26,77,38,10,13
1400000US53061050700,"Census Tract 507, Snohomish County, Washington",6107,354,4881,567,1226,641,680,524,215,261,257,200,74,106
1400000US53061050800,"Census Tract 508, Snohomish County, Washington",6248,608,5120,657,1128,412,261,320,391,213,318,236,158,159
1400000US53061050900,"Census Tract 509, Snohomish County, Washington",3552,374,2326,266,1226,361,526,348,244,136,300,139,156,101
1400000US53061051000,"Census Tract 510, Snohomish County, Washington",4083,312,2723,320,1360,301,306,237,336,176,348,132,370,267
1400000US53061051100,"Census Tract 511, Snohomish County, Washington",3629,198,2868,260,761,271,159,114,187,138,394,147,21,34
1400000US53061051200,"Census Tract 512, Snohomish County, Washington",4473,281,3386,345,1087,278,310,186,166,103,547,195,64,70
1400000US53061051300,"Census Tract 513, Snohomish County, Washington",6954,410,5047,522,1907,443,265,155,328,265,925,295,389,309
1400000US53061051400,"Census Tract 514, Snohomish County, Washington",7807,674,4402,587,3405,906,1494,740,628,302,838,394,445,356
1400000US53061051500,"Census Tract 515, Snohomish County, Washington",5402,389,3674,419,1728,447,256,247,339,204,701,177,432,278
1400000US53061051601,"Census Tract 516.01, Snohomish County, Washington",4468,420,2901,381,1567,394,416,254,152,109,755,295,244,165
1400000US53061051602,"Census Tract 516.02, Snohomish County, Washington",3793,325,3167,352,626,216,85,57,131,115,361,123,49,79
1400000US53061051701,"Census Tract 517.01, Snohomish County, Washington",5952,474,3703,360,2249,331,705,302,224,180,834,164,486,346
1400000US53061051702,"Census Tract 517.02, Snohomish County, Washington",4631,278,2698,409,1933,338,383,188,543,168,524,169,483,319
1400000US53061051802,"Census Tract 518.02, Snohomish County, Washington",6277,447,3784,376,2493,395,201,209,526,308,1503,345,263,203
1400000US53061051803,"Census Tract 518.03, Snohomish County, Washington",6650,515,3875,421,2775,627,1798,538,90,69,696,249,191,112
1400000US53061051804,"Census Tract 518.04, Snohomish County, Washington",6503,608,3566,415,2937,785,378,314,932,481,1435,427,192,169
1400000US53061051905,"Census Tract 519.05, Snohomish County, Washington",9283,562,6290,642,2993,626,909,473,333,242,1299,225,452,247
1400000US53061051912,"Census Tract 519.12, Snohomish County, Washington",2310,140,2031,163,279,123,178,116,26,20,40,35,35,33
1400000US53061051913,"Census Tract 519.13, Snohomish County, Washington",4626,247,3686,336,940,277,117,62,267,157,351,103,205,241
1400000US53061051914,"Census Tract 519.14, Snohomish County, Washington",3962,219,3537,258,425,169,84,77,44,38,280,139,17,29
1400000US53061051915,"Census Tract 519.15, Snohomish County, Washington",7365,513,5766,561,1599,476,247,147,703,434,649,167,0,17
1400000US53061051916,"Census Tract 519.16, Snohomish County, Washington",3625,278,3100,335,525,187,83,59,219,156,223,97,0,12
1400000US53061051917,"Census Tract 519.17, Snohomish County, Washington",4049,387,3399,289,650,240,282,211,205,118,163,80,0,12
1400000US53061051918,"Census Tract 519.18, Snohomish County, Washington",5178,373,3934,378,1244,342,310,262,435,198,394,199,105,102
1400000US53061051921,"Census Tract 519.21, Snohomish County, Washington",5220,330,3237,357,1983,391,629,251,468,207,738,251,148,133
1400000US53061051922,"Census Tract 519.22, Snohomish County, Washington",5398,393,3639,336,1759,342,250,111,651,233,775,277,83,92
1400000US53061051923,"Census Tract 519.23, Snohomish County, Washington",7271,620,5219,755,2052,520,468,334,763,285,821,332,0,17
1400000US53061051924,"Census Tract 519.24, Snohomish County, Washington",7505,512,4821,431,2684,579,282,184,1307,542,902,337,193,156
1400000US53061051925,"Census Tract 519.25, Snohomish County, Washington",7836,467,4224,498,3612,626,282,137,1744,554,1471,434,115,151
1400000US53061051926,"Census Tract 519.26, Snohomish County, Washington",5226,295,3695,335,1531,228,123,78,742,234,589,197,77,100
1400000US53061051927,"Census Tract 519.27, Snohomish County, Washington",5125,328,4081,330,1044,204,81,52,279,141,662,189,22,35
1400000US53061051928,"Census Tract 519.28, Snohomish County, Washington",5441,548,2980,378,2461,708,441,308,474,303,1250,439,296,321
1400000US53061052003,"Census Tract 520.03, Snohomish County, Washington",10515,857,6895,974,3620,621,269,185,941,473,2282,531,128,128
1400000US53061052004,"Census Tract 520.04, Snohomish County, Washington",5959,419,4644,478,1315,316,336,238,302,179,663,188,14,22
1400000US53061052005,"Census Tract 520.05, Snohomish County, Washington",5356,392,4316,477,1040,454,55,57,208,125,777,458,0,17
1400000US53061052006,"Census Tract 520.06, Snohomish County, Washington",4438,214,3137,246,1301,231,291,164,323,193,654,151,33,42
1400000US53061052007,"Census Tract 520.07, Snohomish County, Washington",5483,320,3636,391,1847,391,363,142,661,329,705,196,118,156
1400000US53061052104,"Census Tract 521.04, Snohomish County, Washington",3769,269,3082,387,687,259,200,49,128,99,359,242,0,12
1400000US53061052105,"Census Tract 521.05, Snohomish County, Washington",1627,143,1533,132,94,55,20,17,23,18,51,46,0,12
1400000US53061052107,"Census Tract 521.07, Snohomish County, Washington",5309,269,3433,382,1876,321,216,143,738,300,776,208,146,117
1400000US53061052108,"Census Tract 521.08, Snohomish County, Washington",6135,450,5907,470,228,120,42,68,83,64,103,94,0,17
1400000US53061052112,"Census Tract 521.12, Snohomish County, Washington",2432,192,2124,156,308,170,130,142,38,28,112,64,28,38
1400000US53061052113,"Census Tract 521.13, Snohomish County, Washington",2966,241,2683,237,283,136,50,37,136,118,97,69,0,12
1400000US53061052114,"Census Tract 521.14, Snohomish County, Washington",4396,204,3696,270,700,204,256,180,126,90,286,82,32,38
1400000US53061052115,"Census Tract 521.15, Snohomish County, Washington",6846,394,5287,528,1559,480,473,204,205,156,464,248,417,337
1400000US53061052118,"Census Tract 521.18, Snohomish County, Washington",7617,414,6194,490,1423,424,332,194,501,284,555,204,35,38
1400000US53061052203,"Census Tract 522.03, Snohomish County, Washington",5030,368,4510,359,520,178,305,123,114,76,101,104,0,17
1400000US53061052204,"Census Tract 522.04, Snohomish County, Washington",5081,288,4390,306,691,202,431,177,149,114,85,55,26,34
1400000US53061052206,"Census Tract 522.06, Snohomish County, Washington",4636,436,4464,410,172,113,109,102,20,21,43,48,0,17
1400000US53061052207,"Census Tract 522.07, Snohomish County, Washington",5908,521,5315,444,593,425,303,387,205,154,10,15,75,120
1400000US53061052208,"Census Tract 522.08, Snohomish County, Washington",3505,240,2592,277,913,291,786,271,40,62,14,31,73,102
1400000US53061052209,"Census Tract 522.09, Snohomish County, Washington",5518,325,4329,295,1189,259,936,239,119,58,89,64,45,45
1400000US53061052301,"Census Tract 523.01, Snohomish County, Washington",5006,449,4495,493,511,377,258,324,113,90,124,117,16,19
1400000US53061052302,"Census Tract 523.02, Snohomish County, Washington",4249,481,3940,497,309,164,168,106,83,107,49,63,9,15
1400000US53061052401,"Census Tract 524.01, Snohomish County, Washington",4009,294,3802,275,207,148,88,139,28,24,91,69,0,12
1400000US53061052402,"Census Tract 524.02, Snohomish County, Washington",3860,259,3457,344,403,172,208,141,114,77,81,84,0,12
1400000US53061052502,"Census Tract 525.02, Snohomish County, Washington",4685,348,4542,338,143,91,74,73,36,26,33,40,0,12
1400000US53061052503,"Census Tract 525.03, Snohomish County, Washington",7896,474,7242,519,654,242,165,128,159,162,300,142,30,50
1400000US53061052504,"Census Tract 525.04, Snohomish County, Washington",2350,123,2196,121,154,93,50,62,89,62,15,14,0,12
1400000US53061052603,"Census Tract 526.03, Snohomish County, Washington",2469,173,2161,198,308,223,249,219,31,28,28,24,0,12
1400000US53061052604,"Census Tract 526.04, Snohomish County, Washington",4475,272,3974,365,501,243,260,141,202,141,39,30,0,12
1400000US53061052605,"Census Tract 526.05, Snohomish County, Washington",5643,397,5293,406,350,305,291,298,33,36,1,5,25,39
1400000US53061052606,"Census Tract 526.06, Snohomish County, Washington",4936,434,4526,401,410,238,217,192,65,60,59,47,69,82
1400000US53061052607,"Census Tract 526.07, Snohomish County, Washington",6189,285,5645,411,544,252,131,109,353,237,60,72,0,17
1400000US53061052701,"Census Tract 527.01, Snohomish County, Washington",1737,184,1702,199,35,30,0,12,21,25,14,15,0,12
1400000US53061052705,"Census Tract 527.05, Snohomish County, Washington",8468,398,6858,426,1610,391,372,185,676,372,476,238,86,84
1400000US53061052706,"Census Tract 527.06, Snohomish County, Washington",5635,304,4867,345,768,270,375,223,75,67,318,149,0,17
1400000US53061052707,"Census Tract 527.07, Snohomish County, Washington",4404,329,4072,341,332,155,74,61,89,64,169,98,0,12
1400000US53061052708,"Census Tract 527.08, Snohomish County, Washington",5303,256,4357,326,946,248,322,101,474,264,122,114,28,29
1400000US53061052709,"Census Tract 527.09, Snohomish County, Washington",3655,247,3078,256,577,266,323,250,44,31,210,129,0,12
1400000US53061052803,"Census Tract 528.03, Snohomish County, Washington",5949,426,4582,531,1367,560,1089,525,69,79,149,82,60,82
1400000US53061052804,"Census Tract 528.04, Snohomish County, Washington",6415,586,5529,621,886,452,395,319,284,266,192,189,15,23
1400000US53061052805,"Census Tract 528.05, Snohomish County, Washington",3980,335,3543,296,437,193,267,172,23,22,147,96,0,12
1400000US53061052806,"Census Tract 528.06, Snohomish County, Washington",7353,496,5891,503,1462,491,831,311,206,200,425,307,0,17
1400000US53061052903,"Census Tract 529.03, Snohomish County, Washington",4005,368,3473,343,532,206,475,200,40,39,17,19,0,12
1400000US53061052904,"Census Tract 529.04, Snohomish County, Washington",5379,402,4524,368,855,343,271,126,152,161,391,273,41,71
1400000US53061052905,"Census Tract 529.05, Snohomish County, Washington",3995,298,3204,273,791,237,493,209,69,60,224,158,5,8
1400000US53061052906,"Census Tract 529.06, Snohomish County, Washington",4517,354,4116,343,401,150,184,70,105,112,81,52,31,46
1400000US53061053101,"Census Tract 531.01, Snohomish County, Washington",4064,435,3526,549,538,279,96,79,341,251,101,107,0,12
1400000US53061053102,"Census Tract 531.02, Snohomish County, Washington",5097,288,4706,330,391,228,162,89,179,197,50,68,0,17
1400000US53061053201,"Census Tract 532.01, Snohomish County, Washington",4042,345,3764,355,278,173,62,80,107,113,109,70,0,12
1400000US53061053202,"Census Tract 532.02, Snohomish County, Washington",4523,261,4366,295,157,104,0,12,57,55,100,83,0,12
1400000US53061053301,"Census Tract 533.01, Snohomish County, Washington",6298,423,6101,436,197,113,54,87,94,78,49,41,0,17
1400000US53061053302,"Census Tract 533.02, Snohomish County, Washington",5054,512,4865,502,189,135,88,98,64,74,37,61,0,17
1400000US53061053400,"Census Tract 534, Snohomish County, Washington",5881,589,5580,568,301,182,112,125,149,129,40,65,0,17
1400000US53061053504,"Census Tract 535.04, Snohomish County, Washington",6627,372,5551,537,1076,404,641,375,186,152,249,179,0,17
1400000US53061053505,"Census Tract 535.05, Snohomish County, Washington",5304,341,4947,350,357,213,234,182,6,10,117,129,0,17
1400000US53061053506,"Census Tract 535.06, Snohomish County, Washington",4924,515,4768,486,156,130,49,54,80,100,27,44,0,17
1400000US53061053507,"Census Tract 535.07, Snohomish County, Washington",5118,320,4526,322,592,179,150,91,64,57,321,120,57,96
1400000US53061053508,"Census Tract 535.08, Snohomish County, Washington",3231,236,3055,237,176,97,46,47,68,47,62,70,0,12
1400000US53061053509,"Census Tract 535.09, Snohomish County, Washington",3748,273,3371,265,377,198,283,197,43,32,37,33,14,20
1400000US53061053602,"Census Tract 536.02, Snohomish County, Washington",5892,785,5240,681,652,383,184,222,467,320,1,3,0,17
1400000US53061053603,"Census Tract 536.03, Snohomish County, Washington",4194,308,4029,304,165,83,56,56,58,37,38,41,13,20
1400000US53061053604,"Census Tract 536.04, Snohomish County, Washington",4320,386,4227,396,93,76,34,34,59,67,0,12,0,12
1400000US53061053700,"Census Tract 537, Snohomish County, Washington",3035,373,2940,373,95,48,88,45,7,11,0,12,0,12
1400000US53061053801,"Census Tract 538.01, Snohomish County, Washington",3525,348,3365,373,160,91,112,84,13,13,33,33,2,3
1400000US53061053802,"Census Tract 538.02, Snohomish County, Washington",5704,265,4957,327,747,184,621,164,65,56,31,39,30,37
1400000US53061053803,"Census Tract 538.03, Snohomish County, Washington",4518,319,3991,310,527,212,469,204,50,49,0,12,8,12
1400000US53061940001,"Census Tract 9400.01, Snohomish County, Washington",5743,220,5205,239,538,113,257,70,140,78,108,56,33,29
1400000US53061940002,"Census Tract 9400.02, Snohomish County, Washington",3580,195,3318,202,262,125,61,33,158,112,25,18,18,18
1400000US53061990002,"Census Tract 9900.02, Snohomish County, Washington",0,12,0,12,0,12,0,12,0,12,0,12,0,12
1400000US53061990100,"Census Tract 9901, Snohomish County, Washington",0,12,0,12,0,12,0,12,0,12,0,12,0,12